Workbook

Sheet GDP
B1: 上海 | C1: 江苏 | D1: 浙江 | E1: 安徽 | F1: 内蒙古 | G1: 甘肃 | H1: 宁夏 | I1: 新疆 | K1: 单位：亿元
A2: 40908 | B2: 19195.69 | C2: 49110.27 | D2: 32318.85 | E2: 15300.65 | F2: 14359.88 | G2: 5020.37 | H2: 2102.21 | I2: 6610.05
A3: 41274 | B3: 20181.72 | C3: 54058.22 | D3: 34665.33 | E3: 17212.051 | F3: 15880.579 | G3: 5650.204 | H3: 2341.29 | I3: 7505.31
A4: 41639 | B4: 21818.15 | C4: 59753.37 | D4: 37756.58 | E4: 19229.337 | F4: 16916.503 | G4: 6330.6923 | H4: 2577.57 | I4: 8443.84
A5: 42004 | B5: 23567.695 | C5: 65088.32 | D5: 40173.03 | E5: 20848.748 | F5: 17770.189 | G5: 6836.8208 | H5: 2752.1 | I5: 9273.46
A6: 42369 | B6: 25123.45 | C6: 70116.38 | D6: 42886.49 | E6: 22005.63 | F6: 17831.509 | G6: 6790.3169 | H6: 2911.77 | I6: 9324.8
A7: 42735 | B7: 28178.65 | C7: 77388.28 | D7: 47251.36 | E7: 24407.62 | F7: 18128.1 | G7: 7200.37 | H7: 3168.59 | I7: 9649.7
A8: 43100 | B8: 30632.99 | C8: 85869.76 | D8: 51768.26 | E8: 27018 | F8: 16096.21 | G8: 7459.8995 | H8: 3443.56 | I8: 10881.96
A9: 43465 | B9: 36011.82 | C9: 93207.55 | D9: 58003 | E9: 34010.9 | F9: 16140.8 | G9: 8104.07 | H9: 3510.21 | I9: 12809.39
A10: 43830 | B10: 38155.32 | C10: 99631.52 | D10: 62351.74 | E10: 37113.98 | F10: 17212.53 | G10: 8718.3 | H10: 3748.48 | I10: 13597.11
A11: 44196 | B11: 38700.58 | C11: 102718.98 | D11: 64613.34 | E11: 38680.63 | F11: 17359.82 | G11: 9016.7 | H11: 3920.55 | I11: 13797.58
B13: =AVERAGE(B2:I11) -> 26716.47
B15: =B2/$B$13 -> 0.71849648 | C15: =C2/$B$13 -> 1.838202 | D15: =D2/$B$13 -> 1.2096976 | E15: =E2/$B$13 -> 0.57270477 | F15: =F2/$B$13 -> 0.53749166 | G15: =G2/$B$13 -> 0.18791292 | H15: =H2/$B$13 -> 0.078685918 | I15: =I2/$B$13 -> 0.24741479 | K15: 19195.69
B16: =B3/$B$13 -> 0.75540368 | C16: =C3/$B$13 -> 2.0234043 | D16: =D3/$B$13 -> 1.2975266 | E16: =E3/$B$13 -> 0.64424867 | F16: =F3/$B$13 -> 0.59441156 | G16: =G3/$B$13 -> 0.21148767 | H16: =H3/$B$13 -> 0.087634705 | I16: =I3/$B$13 -> 0.28092446 | K16: 20181.72
B17: =B4/$B$13 -> 0.81665541 | C17: =C4/$B$13 -> 2.2365743 | D17: =D4/$B$13 -> 1.4132323 | E17: =E4/$B$13 -> 0.7197559 | F17: =F4/$B$13 -> 0.6331863 | G17: =G4/$B$13 -> 0.23695841 | H17: =H4/$B$13 -> 0.096478687 | I17: =I4/$B$13 -> 0.31605373 | K17: 21818.15
B18: =B5/$B$13 -> 0.88214105 | C18: =C5/$B$13 -> 2.4362619 | D18: =D5/$B$13 -> 1.5036803 | E18: =E5/$B$13 -> 0.78037058 | F18: =F5/$B$13 -> 0.66513984 | G18: =G5/$B$13 -> 0.25590284 | H18: =H5/$B$13 -> 0.10301136 | I18: =I5/$B$13 -> 0.34710648 | K18: 23567.695
B19: =B6/$B$13 -> 0.9403731 | C19: =C6/$B$13 -> 2.6244627 | D19: =D6/$B$13 -> 1.6052454 | E19: =E6/$B$13 -> 0.8236728 | F19: =F6/$B$13 -> 0.66743505 | G19: =G6/$B$13 -> 0.2541622 | H19: =H6/$B$13 -> 0.10898782 | I19: =I6/$B$13 -> 0.34902814 | K19: 25123.45
B20: =B7/$B$13 -> 1.0547295 | C20: =C7/$B$13 -> 2.8966506 | D20: =D7/$B$13 -> 1.7686228 | E20: =E7/$B$13 -> 0.91357951 | F20: =F7/$B$13 -> 0.67853649 | G20: =G7/$B$13 -> 0.26951053 | H20: =H7/$B$13 -> 0.11860062 | I20: =I7/$B$13 -> 0.36118918 | K20: 28178.65
B21: =B8/$B$13 -> 1.1465957 | C21: =C8/$B$13 -> 3.2141132 | D21: =D8/$B$13 -> 1.9376908 | E21: =E8/$B$13 -> 1.0112863 | F21: =F8/$B$13 -> 0.60248265 | G21: =G8/$B$13 -> 0.27922474 | H21: =H8/$B$13 -> 0.12889277 | I21: =I8/$B$13 -> 0.40731279 | K21: 30632.99
B22: =B9/$B$13 -> 1.3479258 | C22: =C9/$B$13 -> 3.4887674 | D22: =D9/$B$13 -> 2.1710577 | E22: =E9/$B$13 -> 1.2730312 | F22: =F9/$B$13 -> 0.60415166 | G22: =G9/$B$13 -> 0.3033361 | H22: =H9/$B$13 -> 0.13138749 | I22: =I9/$B$13 -> 0.47945667 | K22: 36011.82
B23: =B10/$B$13 -> 1.4281572 | C23: =C10/$B$13 -> 3.7292172 | D23: =D10/$B$13 -> 2.3338315 | E23: =E10/$B$13 -> 1.3891798 | F23: =F10/$B$13 -> 0.64426662 | G23: =G10/$B$13 -> 0.32632679 | H23: =H10/$B$13 -> 0.14030596 | I23: =I10/$B$13 -> 0.50894111 | K23: 38155.32
B24: =B11/$B$13 -> 1.4485663 | C24: =C11/$B$13 -> 3.8447811 | D24: =D11/$B$13 -> 2.4184834 | E24: =E11/$B$13 -> 1.4478196 | F24: =F11/$B$13 -> 0.64977969 | G24: =G11/$B$13 -> 0.33749593 | H24: =H11/$B$13 -> 0.14674656 | I24: =I11/$B$13 -> 0.51644472 | K24: 38700.58
K25: 49110.27
K26: 54058.22
K27: 59753.37
K28: 65088.32
K29: 70116.38
K30: 77388.28
K31: 85869.76
K32: 93207.55
K33: 99631.52
K34: 102718.98
K35: 32318.85
K36: 34665.33
... K94: 13797.58

Sheet 资本存量
B1: 上海 | C1: 江苏 | D1: 浙江 | E1: 安徽 | F1: 内蒙古 | G1: 甘肃 | H1: 宁夏 | I1: 新疆
A2: 2011 | B2: 28026.256 | C2: 86020.797 | D2: 48084.569 | E2: 39588.918 | F2: 33951.853 | G2: 12063.617 | H2: 5189.6943 | I2: 14155.506 | K2: 单位：亿元
A3: 2012 | B3: 30590.115 | C3: 109469.38 | D3: 60564.41 | E3: 50843.333 | F3: 42568.215 | G3: 15085.75 | H3: 6801.0018 | I3: 18955.357
A4: 2013 | B4: 33301.254 | C4: 134942.84 | D4: 74944.297 | E4: 64213.494 | F4: 52699.044 | G4: 18678.048 | H4: 8829.2486 | I4: 24867.947
A5: 2014 | B5: 36120.764 | C5: 163541.08 | D5: 91304.404 | E5: 79305.292 | F5: 65231.762 | G5: 23292.155 | H5: 11182.626 | I5: 31928.366
A6: 2015 | B6: 39005.87 | C6: 193746.3 | D6: 109203.9 | E6: 95657.536 | F6: 72671.735 | G6: 28815.728 | H6: 13642.02 | I6: 39676.274
A7: 2016 | B7: 42017.187 | C7: 224517.51 | D7: 128291.33 | E7: 113232.52 | F7: 80775.262 | G7: 34676.019 | H7: 16167.85 | I7: 46154.881
A8: 2017 | B8: 45230.137 | C8: 255964.04 | D8: 147101.35 | E8: 131548.16 | F8: 87033.997 | G8: 40881.221 | H8: 18429.115 | I8: 53813.13
A9: 2018 | B9: 48511.467 | C9: 287306.71 | D9: 166315.56 | E9: 151549.43 | F9: 88866.302 | G9: 46118.894 | H9: 19779.264 | I9: 58236.158
A10: 2019 | B10: 51866.584 | C10: 318492.17 | D10: 187052.13 | E10: 172632.54 | F10: 91113.584 | G10: 51454.795 | H10: 20653.551 | I10: 63004.579
A11: 2020 | B11: 55724.868 | C11: 346860.12 | D11: 207779.94 | E11: 193508.89 | F11: 92961.893 | G11: 57044.87 | H11: 21577.016 | I11: 69449.204
B13: =AVERAGE(B2:I11) -> 80530.687
B15: =B2/$B$13 -> 0.34801958 | C15: =C2/$B$13 -> 1.0681741 | D15: =D2/$B$13 -> 0.59709622 | E15: =E2/$B$13 -> 0.4916004 | F15: =F2/$B$13 -> 0.42160144 | G15: =G2/$B$13 -> 0.14980149 | H15: =H2/$B$13 -> 0.064443686 | I15: =I2/$B$13 -> 0.17577778 | K15: 28026.256
B16: =B3/$B$13 -> 0.37985663 | C16: =C3/$B$13 -> 1.3593499 | D16: =D3/$B$13 -> 0.75206623 | E16: =E3/$B$13 -> 0.63135352 | F16: =F3/$B$13 -> 0.5285962 | G16: =G3/$B$13 -> 0.18732921 | H16: =H3/$B$13 -> 0.084452301 | I16: =I3/$B$13 -> 0.23538055 | K16: 30590.115
B17: =B4/$B$13 -> 0.41352254 | C17: =C4/$B$13 -> 1.6756698 | D17: =D4/$B$13 -> 0.93063029 | E17: =E4/$B$13 -> 0.79737919 | F17: =F4/$B$13 -> 0.65439705 | G17: =G4/$B$13 -> 0.23193703 | H17: =H4/$B$13 -> 0.10963831 | I17: =I4/$B$13 -> 0.30880088 | K17: 33301.254
B18: =B5/$B$13 -> 0.44853415 | C18: =C5/$B$13 -> 2.030792 | D18: =D5/$B$13 -> 1.133784 | E18: =E5/$B$13 -> 0.98478351 | F18: =F5/$B$13 -> 0.81002366 | G18: =G5/$B$13 -> 0.28923329 | H18: =H5/$B$13 -> 0.13886167 | I18: =I5/$B$13 -> 0.39647453 | K18: 36120.764
B19: =B6/$B$13 -> 0.48436033 | C19: =C6/$B$13 -> 2.4058692 | D19: =D6/$B$13 -> 1.3560533 | E19: =E6/$B$13 -> 1.1878396 | F19: =F6/$B$13 -> 0.90241046 | G19: =G6/$B$13 -> 0.35782296 | H19: =H6/$B$13 -> 0.16940151 | I19: =I6/$B$13 -> 0.49268515 | K19: 39005.87
B20: =B7/$B$13 -> 0.52175374 | C20: =C7/$B$13 -> 2.7879746 | D20: =D7/$B$13 -> 1.5930738 | E20: =E7/$B$13 -> 1.4060792 | F20: =F7/$B$13 -> 1.003037 | G20: =G7/$B$13 -> 0.43059385 | H20: =H7/$B$13 -> 0.20076632 | I20: =I7/$B$13 -> 0.57313408 | K20: 42017.187
B21: =B8/$B$13 -> 0.56165095 | C21: =C8/$B$13 -> 3.1784658 | D21: =D8/$B$13 -> 1.8266496 | E21: =E8/$B$13 -> 1.6335159 | F21: =F8/$B$13 -> 1.0807557 | G21: =G8/$B$13 -> 0.50764773 | H21: =H8/$B$13 -> 0.22884587 | I21: =I8/$B$13 -> 0.66823136 | K21: 45230.137
B22: =B9/$B$13 -> 0.60239728 | C22: =C9/$B$13 -> 3.5676675 | D22: =D9/$B$13 -> 2.0652445 | E22: =E9/$B$13 -> 1.8818843 | F22: =F9/$B$13 -> 1.1035085 | G22: =G9/$B$13 -> 0.5726872 | H22: =H9/$B$13 -> 0.24561151 | I22: =I9/$B$13 -> 0.72315486 | K22: 48511.467
B23: =B10/$B$13 -> 0.64405987 | C23: =C10/$B$13 -> 3.9549168 | D23: =D10/$B$13 -> 2.3227435 | E23: =E10/$B$13 -> 2.1436864 | F23: =F10/$B$13 -> 1.1314145 | G23: =G10/$B$13 -> 0.63894643 | H23: =H10/$B$13 -> 0.25646809 | I23: =I10/$B$13 -> 0.78236733 | K23: 51866.584
B24: =B11/$B$13 -> 0.6919706 | C24: =C11/$B$13 -> 4.3071794 | D24: =D11/$B$13 -> 2.5801337 | E24: =E11/$B$13 -> 2.4029211 | F24: =F11/$B$13 -> 1.1543661 | G24: =G11/$B$13 -> 0.70836189 | H24: =H11/$B$13 -> 0.26793532 | I24: =I11/$B$13 -> 0.86239428 | K24: 55724.868
K25: 86020.797
K26: 109469.38
K27: 134942.84
K28: 163541.08
K29: 193746.3
K30: 224517.51
K31: 255964.04
K32: 287306.71
K33: 318492.17
K34: 346860.12
K35: 48084.569
K36: 60564.41
... K94: 69449.204

Sheet 就业人口
B1: 上海 | C1: 江苏 | D1: 浙江 | E1: 安徽 | F1: 内蒙古 | G1: 甘肃 | H1: 宁夏 | I1: 新疆 | K1: 单位：万人
A2: 40908 | B2: 1104.33 | C2: 4758.23 | D2: 3385 | E2: 4120.9 | F2: 1388 | G2: 1379 | H2: 478.5 | I2: 1246.12
A3: 41274 | B3: 1115.5 | C3: 4759.53 | D3: 3407 | E3: 4206.8 | F3: 1379 | G3: 1358 | H3: 487.9 | I3: 1257.85
A4: 41639 | B4: 1137.35 | C4: 4759.89 | D4: 3436 | E4: 4275.9 | F4: 1370 | G4: 1352 | H4: 494 | I4: 1271.9
A5: 42004 | B5: 1365.63 | C5: 4760.83 | D5: 3459 | E5: 4311 | F5: 1360 | G5: 1348 | H5: 499.15 | I5: 1276.21
A6: 42369 | B6: 1361.51 | C6: 4758.5 | D6: 3505 | E6: 4342.1 | F6: 1351 | G6: 1346 | H6: 503.1 | I6: 1305.42
A7: 42735 | B7: 1365.24 | C7: 4756.22 | D7: 3552 | E7: 4361.6 | F7: 1326 | G7: 1341 | H7: 509.4 | I7: 1332.66
A8: 43100 | B8: 1372.65 | C8: 4757.8 | D8: 3613 | E8: 4377.9 | F8: 1317 | G8: 1337 | H8: 514.4 | I8: 1349.79
A9: 43465 | B9: 1375.66 | C9: 4750.9 | D9: 3691 | E9: 4385.3 | F9: 1304 | G9: 1337 | H9: 518.36 | I9: 1343.95
A10: 43830 | B10: 1376.2 | C10: 4745.2 | D10: 3771 | E10: 4384 | F10: 1272 | G10: 1333 | H10: 523.3 | I10: 1355.06
A11: 44196 | B11: 1374 | C11: 4893 | D11: 3857 | E11: 3243 | F11: 1242 | G11: 1331 | H11: 559.1 | I11: 1369.07
B13: =AVERAGE(B2:I11) -> 2291.2364
B15: =B2/$B$13 -> 0.48197995 | C15: =C2/$B$13 -> 2.0767085 | D15: =D2/$B$13 -> 1.4773683 | E15: =E2/$B$13 -> 1.7985486 | F15: =F2/$B$13 -> 0.60578647 | G15: =G2/$B$13 -> 0.60185846 | H15: =H2/$B$13 -> 0.20883921 | I15: =I2/$B$13 -> 0.54386357 | K15: 1104.33
B16: =B3/$B$13 -> 0.48685505 | C16: =C3/$B$13 -> 2.0772759 | D16: =D3/$B$13 -> 1.4869701 | E16: =E3/$B$13 -> 1.8360393 | F16: =F3/$B$13 -> 0.60185846 | G16: =G3/$B$13 -> 0.5926931 | H16: =H3/$B$13 -> 0.2129418 | I16: =I3/$B$13 -> 0.54898308 | K16: 1115.5
B17: =B4/$B$13 -> 0.49639139 | C17: =C4/$B$13 -> 2.077433 | D17: =D4/$B$13 -> 1.499627 | E17: =E4/$B$13 -> 1.8661977 | F17: =F4/$B$13 -> 0.59793045 | G17: =G4/$B$13 -> 0.59007443 | H17: =H4/$B$13 -> 0.21560412 | I17: =I4/$B$13 -> 0.55511514 | K17: 1137.35
B18: =B5/$B$13 -> 0.59602318 | C18: =C5/$B$13 -> 2.0778432 | D18: =D5/$B$13 -> 1.5096653 | E18: =E5/$B$13 -> 1.8815169 | F18: =F5/$B$13 -> 0.593566 | G18: =G5/$B$13 -> 0.58832865 | H18: =H5/$B$13 -> 0.21785181 | I18: =I5/$B$13 -> 0.55699622 | K18: 1365.63
B19: =B6/$B$13 -> 0.59422503 | C19: =C6/$B$13 -> 2.0768263 | D19: =D6/$B$13 -> 1.5297418 | E19: =E6/$B$13 -> 1.8950904 | F19: =F6/$B$13 -> 0.58963799 | G19: =G6/$B$13 -> 0.58745576 | H19: =H6/$B$13 -> 0.21957577 | I19: =I6/$B$13 -> 0.5697448 | K19: 1361.51
B20: =B7/$B$13 -> 0.59585297 | C20: =C7/$B$13 -> 2.0758312 | D20: =D7/$B$13 -> 1.5502547 | E20: =E7/$B$13 -> 1.9036011 | F20: =F7/$B$13 -> 0.57872685 | G20: =G7/$B$13 -> 0.58527353 | H20: =H7/$B$13 -> 0.22232538 | I20: =I7/$B$13 -> 0.58163357 | K20: 1365.24
B21: =B8/$B$13 -> 0.59908703 | C21: =C8/$B$13 -> 2.0765208 | D21: =D8/$B$13 -> 1.5768779 | E21: =E8/$B$13 -> 1.9107151 | F21: =F8/$B$13 -> 0.57479884 | G21: =G8/$B$13 -> 0.58352775 | H21: =H8/$B$13 -> 0.22450761 | I21: =I8/$B$13 -> 0.58910989 | K21: 1372.65
B22: =B9/$B$13 -> 0.60040073 | C22: =C9/$B$13 -> 2.0735093 | D22: =D9/$B$13 -> 1.6109207 | E22: =E9/$B$13 -> 1.9139448 | F22: =F9/$B$13 -> 0.56912504 | G22: =G9/$B$13 -> 0.58352775 | H22: =H9/$B$13 -> 0.22623593 | I22: =I9/$B$13 -> 0.58656104 | K22: 1375.66
B23: =B10/$B$13 -> 0.60063641 | C23: =C10/$B$13 -> 2.0710216 | D23: =D10/$B$13 -> 1.6458363 | E23: =E10/$B$13 -> 1.9133774 | F23: =F10/$B$13 -> 0.55515878 | G23: =G10/$B$13 -> 0.58178196 | H23: =H10/$B$13 -> 0.22839197 | I23: =I10/$B$13 -> 0.59140995 | K23: 1376.2
B24: =B11/$B$13 -> 0.59967623 | C24: =C11/$B$13 -> 2.1355282 | D24: =D11/$B$13 -> 1.6833706 | E24: =E11/$B$13 -> 1.415393 | F24: =F11/$B$13 -> 0.54206542 | G24: =G11/$B$13 -> 0.58090907 | H24: =H11/$B$13 -> 0.24401673 | I24: =I11/$B$13 -> 0.59752456 | K24: 1374
K25: 4758.23
K26: 4759.53
K27: 4759.89
K28: 4760.83
K29: 4758.5
K30: 4756.22
K31: 4757.8
K32: 4750.9
K33: 4745.2
K34: 4893
K35: 3385
K36: 3407
... K94: 1369.07

Sheet 能源消耗量
B1: 上海 | C1: 江苏 | D1: 浙江 | E1: 安徽 | F1: 内蒙古 | G1: 甘肃 | H1: 宁夏 | I1: 新疆 | L1: 单位：万吨标准煤
A2: 40908 | B2: 10489.09 | C2: 27588.97 | D2: 17827.27 | E2: 10570.23 | F2: 16140.03 | G2: 6393.69 | H2: 4719.9 | I2: 9474.5
A3: 41274 | B3: 10573 | C3: 28849.84 | D3: 18076.18 | E3: 11357.95 | F3: 16912.92 | G3: 6893.76 | H3: 4895.2 | I3: 11293.7
A4: 41639 | B4: 10890.39 | C4: 29205.38 | D4: 18640 | E4: 12060.36 | F4: 17544.17 | G4: 7286.72 | H4: 5186.8 | I4: 13631.8
A5: 42004 | B5: 10639.86 | C5: 29863.03 | D5: 18826 | E5: 12011.02 | F5: 18167.46 | G5: 7521.45 | H5: 5336.2 | I5: 14926.1
A6: 42369 | B6: 10930.53 | C6: 30374.14 | D6: 19610 | E6: 12301.23 | F6: 18783.71 | G6: 7488.5 | H6: 5711.9 | I6: 15666.1
A7: 42735 | B7: 11241.73 | C7: 31209.71 | D7: 20275.6 | E7: 12662.89 | F7: 19309.66 | G7: 7299.93 | H7: 5787.5 | I7: 16302.2
A8: 43100 | B8: 11381.85 | C8: 31602.09 | D8: 21030.01 | E8: 13018.71 | F8: 19763.44 | G8: 7503.63 | H8: 6798.2 | I8: 17386.3
A9: 43465 | B9: 11453.73 | C9: 31635.2 | D9: 21674.56 | E9: 13294.71 | F9: 23068.47 | G9: 7822.54 | H9: 7530.2 | I9: 17694
A10: 43830 | B10: 11696.46 | C10: 32525.97 | D10: 22393 | E10: 13869.73 | F10: 25345.57 | G10: 7818.02 | H10: 8166.7 | I10: 18489.8
A11: 44196 | B11: 11099.59 | C11: 32672.49 | D11: 24660 | E11: 14697.9 | F11: 27133.65 | G11: 8104.71 | H11: 8581.8 | I11: 18981.8
B13: =AVERAGE(B2:I11) -> 15470.539
B15: =B2/$B$13 -> 0.67800417 | C15: =C2/$B$13 -> 1.7833231 | D15: =D2/$B$13 -> 1.1523367 | E15: =E2/$B$13 -> 0.68324898 | F15: =F2/$B$13 -> 1.0432752 | G15: =G2/$B$13 -> 0.41328165 | H15: =H2/$B$13 -> 0.30508956 | I15: =I2/$B$13 -> 0.6124221 | L15: 10489.09
B16: =B3/$B$13 -> 0.68342803 | C16: =C3/$B$13 -> 1.8648245 | D16: =D3/$B$13 -> 1.168426 | E16: =E3/$B$13 -> 0.7341664 | F16: =F3/$B$13 -> 1.093234 | G16: =G3/$B$13 -> 0.44560567 | H16: =H3/$B$13 -> 0.31642078 | I16: =I3/$B$13 -> 0.73001334 | L16: 10573
B17: =B4/$B$13 -> 0.70394379 | C17: =C4/$B$13 -> 1.8878062 | D17: =D4/$B$13 -> 1.2048707 | E17: =E4/$B$13 -> 0.77956947 | F17: =F4/$B$13 -> 1.1340374 | G17: =G4/$B$13 -> 0.47100621 | H17: =H4/$B$13 -> 0.33526951 | I17: =I4/$B$13 -> 0.88114576 | L17: 10890.39
B18: =B5/$B$13 -> 0.68774979 | C18: =C5/$B$13 -> 1.9303161 | D18: =D5/$B$13 -> 1.2168936 | E18: =E5/$B$13 -> 0.77638018 | F18: =F5/$B$13 -> 1.1743262 | G18: =G5/$B$13 -> 0.48617892 | H18: =H5/$B$13 -> 0.34492657 | I18: =I5/$B$13 -> 0.96480801 | L18: 10639.86
B19: =B6/$B$13 -> 0.7065384 | C19: =C6/$B$13 -> 1.9633537 | D19: =D6/$B$13 -> 1.2675706 | E19: =E6/$B$13 -> 0.79513906 | F19: =F6/$B$13 -> 1.21416 | G19: =G6/$B$13 -> 0.48404907 | H19: =H6/$B$13 -> 0.36921144 | I19: =I6/$B$13 -> 1.0126409 | L19: 10930.53
B20: =B7/$B$13 -> 0.72665406 | C20: =C7/$B$13 -> 2.0173641 | D20: =D7/$B$13 -> 1.3105943 | E20: =E7/$B$13 -> 0.8185164 | F20: =F7/$B$13 -> 1.2481569 | G20: =G7/$B$13 -> 0.47186009 | H20: =H7/$B$13 -> 0.37409815 | I20: =I7/$B$13 -> 1.0537577 | L20: 11241.73
B21: =B8/$B$13 -> 0.73571127 | C21: =C8/$B$13 -> 2.0427271 | D21: =D8/$B$13 -> 1.3593586 | E21: =E8/$B$13 -> 0.84151625 | F21: =F8/$B$13 -> 1.2774888 | G21: =G8/$B$13 -> 0.48502705 | H21: =H8/$B$13 -> 0.43942877 | I21: =I8/$B$13 -> 1.1238328 | L21: 11381.85
B22: =B9/$B$13 -> 0.74035752 | C22: =C9/$B$13 -> 2.0448673 | D22: =D9/$B$13 -> 1.4010216 | E22: =E9/$B$13 -> 0.85935661 | F22: =F9/$B$13 -> 1.4911226 | G22: =G9/$B$13 -> 0.50564107 | H22: =H9/$B$13 -> 0.48674451 | I22: =I9/$B$13 -> 1.1437223 | L22: 11453.73
B23: =B10/$B$13 -> 0.75604734 | C23: =C10/$B$13 -> 2.1024458 | D23: =D10/$B$13 -> 1.4474609 | E23: =E10/$B$13 -> 0.89652532 | F23: =F10/$B$13 -> 1.638312 | G23: =G10/$B$13 -> 0.5053489 | H23: =H10/$B$13 -> 0.52788723 | I23: =I10/$B$13 -> 1.195162 | L23: 11696.46
B24: =B11/$B$13 -> 0.71746627 | C24: =C11/$B$13 -> 2.1119167 | D24: =D11/$B$13 -> 1.5939975 | E24: =E11/$B$13 -> 0.95005739 | F24: =F11/$B$13 -> 1.7538917 | G24: =G11/$B$13 -> 0.52388026 | H24: =H11/$B$13 -> 0.55471887 | I24: =I11/$B$13 -> 1.2269644 | L24: 11099.59
L25: 27588.97
L26: 28849.84
L27: 29205.38
L28: 29863.03
L29: 30374.14
L30: 31209.71
L31: 31602.09
L32: 31635.2
L33: 32525.97
L34: 32672.49
L35: 17827.27
L36: 18076.18
... L94: 18981.8

Sheet CO2排放量
B1: 上海 | C1: 江苏 | D1: 浙江 | E1: 安徽 | F1: 内蒙古 | G1: 甘肃 | H1: 宁夏 | I1: 新疆 | K1: 单位：百万吨
A2: 40908 | B2: 170.60296 | C2: 613.10789 | D2: 398.62266 | E2: 315.38719 | F2: 740.51601 | G2: 169.69415 | H2: 190.94823 | I2: 286.3111
A3: 41274 | B3: 168.52072 | C3: 619.98859 | D3: 383.59346 | E3: 355.907 | F3: 788.69167 | G3: 173.75378 | H3: 188.56962 | I3: 333.4408
A4: 41639 | B4: 181.78292 | C4: 638.44095 | D4: 387.56092 | E4: 387.18004 | F4: 783.74309 | G4: 181.46649 | H4: 187.75607 | I4: 336.33677
A5: 42004 | B5: 156.54657 | C5: 621.07117 | D5: 380.7947 | E5: 401.79524 | F5: 806.00009 | G5: 180.46855 | H5: 195.21583 | I5: 366.25967
A6: 42369 | B6: 161.64688 | C6: 634.16124 | D6: 381.50132 | E6: 392.8483 | F6: 753.79994 | G6: 176.5753 | H6: 193.37849 | I6: 379.0918
A7: 42735 | B7: 158.22523 | C7: 653.11684 | D7: 379.17654 | E7: 380.17731 | F7: 754.61517 | G7: 169.71653 | H7: 189.71723 | I7: 410.85326
A8: 43100 | B8: 156.57805 | C8: 645.04872 | D8: 401.44068 | E8: 397.01638 | F8: 765.07294 | G8: 173.98677 | H8: 226.23798 | I8: 452.26484
A9: 43465 | B9: 151.47448 | C9: 644.96547 | D9: 401.65883 | E9: 392.4285 | F9: 857.57321 | G9: 182.49649 | H9: 235.93473 | I9: 480.94605
A10: 43830 | B10: 159.4973 | C10: 636.58205 | D10: 419.14663 | E10: 398.96247 | F10: 972.78728 | G10: 185.44138 | H10: 251.89874 | I10: 519.30517
A11: 44196 | B11: 154.62688 | C11: 628.06253 | D11: 454.55451 | E11: 397.17087 | F11: 1046.6622 | G11: 195.98653 | H11: 259.51291 | I11: 555.46735
B13: =AVERAGE(B2:I11) -> 400.74331
B15: =B2/$B$13 -> 0.42571631 | C15: =C2/$B$13 -> 1.5299267 | D15: =D2/$B$13 -> 0.9947082 | E15: =E2/$B$13 -> 0.7870055 | F15: =F2/$B$13 -> 1.8478562 | G15: =G2/$B$13 -> 0.4234485 | H15: =H2/$B$13 -> 0.47648512 | I15: =I2/$B$13 -> 0.71445009 | K15: 170.60296
B16: =B3/$B$13 -> 0.42052036 | C16: =C3/$B$13 -> 1.5470965 | D16: =D3/$B$13 -> 0.95720488 | E16: =E3/$B$13 -> 0.88811712 | F16: =F3/$B$13 -> 1.9680719 | G16: =G3/$B$13 -> 0.43357873 | H16: =H3/$B$13 -> 0.47054963 | I16: =I3/$B$13 -> 0.8320558 | K16: 168.52072
B17: =B4/$B$13 -> 0.45361436 | C17: =C4/$B$13 -> 1.5931419 | D17: =D4/$B$13 -> 0.96710514 | E17: =E4/$B$13 -> 0.96615471 | F17: =F4/$B$13 -> 1.9557234 | G17: =G4/$B$13 -> 0.45282475 | H17: =H4/$B$13 -> 0.46851954 | I17: =I4/$B$13 -> 0.8392823 | K17: 181.78292
B18: =B5/$B$13 -> 0.39064051 | C18: =C5/$B$13 -> 1.549798 | D18: =D5/$B$13 -> 0.95022097 | E18: =E5/$B$13 -> 1.0026249 | F18: =F5/$B$13 -> 2.0112627 | G18: =G5/$B$13 -> 0.45033453 | H18: =H5/$B$13 -> 0.48713434 | I18: =I5/$B$13 -> 0.91395078 | K18: 156.54657
B19: =B6/$B$13 -> 0.40336763 | C19: =C6/$B$13 -> 1.5824624 | D19: =D6/$B$13 -> 0.95198424 | E19: =E6/$B$13 -> 0.98029906 | F19: =F6/$B$13 -> 1.8810044 | G19: =G6/$B$13 -> 0.44061945 | H19: =H6/$B$13 -> 0.48254951 | I19: =I6/$B$13 -> 0.94597161 | K19: 161.64688
B20: =B7/$B$13 -> 0.39482936 | C20: =C7/$B$13 -> 1.6297635 | D20: =D7/$B$13 -> 0.94618306 | E20: =E7/$B$13 -> 0.94868037 | F20: =F7/$B$13 -> 1.8830387 | G20: =G7/$B$13 -> 0.42350433 | H20: =H7/$B$13 -> 0.47341335 | I20: =I7/$B$13 -> 1.025228 | K20: 158.22523
B21: =B8/$B$13 -> 0.39071906 | C21: =C8/$B$13 -> 1.6096306 | D21: =D8/$B$13 -> 1.0017402 | E21: =E8/$B$13 -> 0.99069995 | F21: =F8/$B$13 -> 1.9091346 | G21: =G8/$B$13 -> 0.43416012 | H21: =H8/$B$13 -> 0.56454586 | I21: =I8/$B$13 -> 1.1285649 | K21: 156.57805
B22: =B9/$B$13 -> 0.3779838 | C22: =C9/$B$13 -> 1.6094229 | D22: =D9/$B$13 -> 1.0022845 | E22: =E9/$B$13 -> 0.97925153 | F22: =F9/$B$13 -> 2.1399564 | G22: =G9/$B$13 -> 0.45539496 | H22: =H9/$B$13 -> 0.58874277 | I22: =I9/$B$13 -> 1.2001349 | K22: 151.47448
B23: =B10/$B$13 -> 0.39800365 | C23: =C10/$B$13 -> 1.5885032 | D23: =D10/$B$13 -> 1.0459229 | E23: =E10/$B$13 -> 0.99555615 | F23: =F10/$B$13 -> 2.4274573 | G23: =G10/$B$13 -> 0.46274353 | H23: =H10/$B$13 -> 0.62857877 | I23: =I10/$B$13 -> 1.2958548 | K23: 159.4973
B24: =B11/$B$13 -> 0.38585018 | C24: =C11/$B$13 -> 1.5672439 | D24: =D11/$B$13 -> 1.1342785 | E24: =E11/$B$13 -> 0.99108545 | F24: =F11/$B$13 -> 2.611802 | G24: =G11/$B$13 -> 0.48905751 | H24: =H11/$B$13 -> 0.64757889 | I24: =I11/$B$13 -> 1.3860926 | K24: 154.62688
K25: 613.10789
K26: 619.98859
K27: 638.44095
K28: 621.07117
K29: 634.16124
K30: 653.11684
K31: 645.04872
K32: 644.96547
K33: 636.58205
K34: 628.06253
K35: 398.62266
K36: 383.59346
... K94: 555.46735

Sheet 用于回归的形式
B1: -b1 | C1: x1 | D1: x2 | E1: x3 | F1: y1+b1 | G1: x1*x1 | H1: x2*x2 | I1: x3*x3 | J1: x1*x2 | K1: x1*x3 | L1: x2*x3 | M1: (y1+b1)^2 | N1: x1*(y1+b1) | O1: x2*(y1+b1) | P1: x3*(y1+b1) | Q1: id | R1: time | S1: y1 | U1: 𝛾1 | V1: 影子价格
A2: 上海2011 | B2: =-CO2排放量!K15*100 -> -17060.296 | C2: =就业人口!K15 -> 1104.33 | D2: =资本存量!K15 -> 28026.256 | E2: =能源消耗量!L15 -> 10489.09 | F2: =S2-B2 -> 36255.986 | G2: =C2*C2 -> 1219544.7 | H2: =D2*D2 -> 7.8547101e+08 | I2: =E2*E2 -> 1.1002101e+08 | J2: =C2*D2 -> 30950235 | K2: =C2*E2 -> 11583417 | L2: =D2*E2 -> 2.9396992e+08 | M2: =F2*F2 -> 1.3144966e+09 | N2: =C2*F2 -> 40038573 | O2: =D2*F2 -> 1.0161195e+09 | P2: =E2*F2 -> 3.802923e+08 | Q2: 1 | R2: 1 | S2: =GDP!K15 -> 19195.69 | U2: =1+U14 -> 7.571449 | V2: =-($U$2+$U$4*B2*(-1)+$U$8*C2+$U$10*D2+$U$12*E2+$U$6*S2)/($U$14+$U$16*S2+$U$18*C2+$U$20*D2+$U$22*E2+$U$6*B2*(-1)) -> -0.99987783
A3: 上海2012 | B3: =-CO2排放量!K16*100 -> -16852.072 | C3: =就业人口!K16 -> 1115.5 | D3: =资本存量!K16 -> 30590.115 | E3: =能源消耗量!L16 -> 10573 | F3: =S3-B3 -> 37033.792 | G3: =C3*C3 -> 1244340.2 | H3: =D3*D3 -> 9.3575514e+08 | I3: =E3*E3 -> 111788329 | J3: =C3*D3 -> 34123273 | K3: =C3*E3 -> 11794182 | L3: =D3*E3 -> 3.2342929e+08 | M3: =F3*F3 -> 1.3715018e+09 | N3: =C3*F3 -> 41311195 | O3: =D3*F3 -> 1.132868e+09 | P3: =E3*F3 -> 3.9155828e+08 | Q3: 1 | R3: 2 | S3: =GDP!K16 -> 20181.72 | U3: 𝛾11 | V3: =-($U$2+$U$4*B3*(-1)+$U$8*C3+$U$10*D3+$U$12*E3+$U$6*S3)/($U$14+$U$16*S3+$U$18*C3+$U$20*D3+$U$22*E3+$U$6*B3*(-1)) -> -0.99986505
A4: 上海2013 | B4: =-CO2排放量!K17*100 -> -18178.292 | C4: =就业人口!K17 -> 1137.35 | D4: =资本存量!K17 -> 33301.254 | E4: =能源消耗量!L17 -> 10890.39 | F4: =S4-B4 -> 39996.442 | G4: =C4*C4 -> 1293565 | H4: =D4*D4 -> 1.1089735e+09 | I4: =E4*E4 -> 1.1860059e+08 | J4: =C4*D4 -> 37875181 | K4: =C4*E4 -> 12386185 | L4: =D4*E4 -> 3.6266364e+08 | M4: =F4*F4 -> 1.5997154e+09 | N4: =C4*F4 -> 45489953 | O4: =D4*F4 -> 1.3319317e+09 | P4: =E4*F4 -> 4.3557685e+08 | Q4: 1 | R4: 3 | S4: =GDP!K17 -> 21818.15 | U4: -0.6547 | V4: =-($U$2+$U$4*B4*(-1)+$U$8*C4+$U$10*D4+$U$12*E4+$U$6*S4)/($U$14+$U$16*S4+$U$18*C4+$U$20*D4+$U$22*E4+$U$6*B4*(-1)) -> -0.99987471
A5: 上海2014 | B5: =-CO2排放量!K18*100 -> -15654.657 | C5: =就业人口!K18 -> 1365.63 | D5: =资本存量!K18 -> 36120.764 | E5: =能源消耗量!L18 -> 10639.86 | F5: =S5-B5 -> 39222.353 | G5: =C5*C5 -> 1864945.3 | H5: =D5*D5 -> 1.3047096e+09 | I5: =E5*E5 -> 1.1320662e+08 | J5: =C5*D5 -> 49327599 | K5: =C5*E5 -> 14530112 | L5: =D5*E5 -> 3.8431987e+08 | M5: =F5*F5 -> 1.5383929e+09 | N5: =C5*F5 -> 53563221 | O5: =D5*F5 -> 1.4167413e+09 | P5: =E5*F5 -> 4.1732034e+08 | Q5: 1 | R5: 4 | S5: =GDP!K18 -> 23567.695 | U5: μ11 | V5: =-($U$2+$U$4*B5*(-1)+$U$8*C5+$U$10*D5+$U$12*E5+$U$6*S5)/($U$14+$U$16*S5+$U$18*C5+$U$20*D5+$U$22*E5+$U$6*B5*(-1)) -> -0.99982227
A6: 上海2015 | B6: =-CO2排放量!K19*100 -> -16164.688 | C6: =就业人口!K19 -> 1361.51 | D6: =资本存量!K19 -> 39005.87 | E6: =能源消耗量!L19 -> 10930.53 | F6: =S6-B6 -> 41288.138 | G6: =C6*C6 -> 1853709.5 | H6: =D6*D6 -> 1.5214579e+09 | I6: =E6*E6 -> 1.1947649e+08 | J6: =C6*D6 -> 53106883 | K6: =C6*E6 -> 14882026 | L6: =D6*E6 -> 4.2635484e+08 | M6: =F6*F6 -> 1.7047104e+09 | N6: =C6*F6 -> 56214213 | O6: =D6*F6 -> 1.6104798e+09 | P6: =E6*F6 -> 4.5130123e+08 | Q6: 1 | R6: 5 | S6: =GDP!K19 -> 25123.45 | U6: =U4 -> -0.6547 | V6: =-($U$2+$U$4*B6*(-1)+$U$8*C6+$U$10*D6+$U$12*E6+$U$6*S6)/($U$14+$U$16*S6+$U$18*C6+$U$20*D6+$U$22*E6+$U$6*B6*(-1)) -> -0.99982061
A7: 上海2016 | B7: =-CO2排放量!K20*100 -> -15822.523 | C7: =就业人口!K20 -> 1365.24 | D7: =资本存量!K20 -> 42017.187 | E7: =能源消耗量!L20 -> 11241.73 | F7: =S7-B7 -> 44001.173 | G7: =C7*C7 -> 1863880.3 | H7: =D7*D7 -> 1.765444e+09 | I7: =E7*E7 -> 1.2637649e+08 | J7: =C7*D7 -> 57363544 | K7: =C7*E7 -> 15347659 | L7: =D7*E7 -> 4.7234587e+08 | M7: =F7*F7 -> 1.9361032e+09 | N7: =C7*F7 -> 60072161 | O7: =D7*F7 -> 1.8488055e+09 | P7: =E7*F7 -> 4.946493e+08 | Q7: 1 | R7: 6 | S7: =GDP!K20 -> 28178.65 | U7: η11 | V7: =-($U$2+$U$4*B7*(-1)+$U$8*C7+$U$10*D7+$U$12*E7+$U$6*S7)/($U$14+$U$16*S7+$U$18*C7+$U$20*D7+$U$22*E7+$U$6*B7*(-1)) -> -0.99982962
A8: 上海2017 | B8: =-CO2排放量!K21*100 -> -15657.805 | C8: =就业人口!K21 -> 1372.65 | D8: =资本存量!K21 -> 45230.137 | E8: =能源消耗量!L21 -> 11381.85 | F8: =S8-B8 -> 46290.795 | G8: =C8*C8 -> 1884168 | H8: =D8*D8 -> 2.0457653e+09 | I8: =E8*E8 -> 1.2954651e+08 | J8: =C8*D8 -> 62085147 | K8: =C8*E8 -> 15623296 | L8: =D8*E8 -> 5.1480263e+08 | M8: =F8*F8 -> 2.1428377e+09 | N8: =C8*F8 -> 63541060 | O8: =D8*F8 -> 2.093739e+09 | P8: =E8*F8 -> 5.2687488e+08 | Q8: 1 | R8: 7 | S8: =GDP!K21 -> 30632.99 | U8: 1.949462 | V8: =-($U$2+$U$4*B8*(-1)+$U$8*C8+$U$10*D8+$U$12*E8+$U$6*S8)/($U$14+$U$16*S8+$U$18*C8+$U$20*D8+$U$22*E8+$U$6*B8*(-1)) -> -0.99982678
A9: 上海2018 | B9: =-CO2排放量!K22*100 -> -15147.448 | C9: =就业人口!K22 -> 1375.66 | D9: =资本存量!K22 -> 48511.467 | E9: =能源消耗量!L22 -> 11453.73 | F9: =S9-B9 -> 51159.268 | G9: =C9*C9 -> 1892440.4 | H9: =D9*D9 -> 2.3533624e+09 | I9: =E9*E9 -> 1.3118793e+08 | J9: =C9*D9 -> 66735285 | K9: =C9*E9 -> 15756438 | L9: =D9*E9 -> 5.5563724e+08 | M9: =F9*F9 -> 2.6172707e+09 | N9: =C9*F9 -> 70377759 | O9: =D9*F9 -> 2.4818111e+09 | P9: =E9*F9 -> 5.8596444e+08 | Q9: 1 | R9: 8 | S9: =GDP!K22 -> 36011.82 | U9: η21 | V9: =-($U$2+$U$4*B9*(-1)+$U$8*C9+$U$10*D9+$U$12*E9+$U$6*S9)/($U$14+$U$16*S9+$U$18*C9+$U$20*D9+$U$22*E9+$U$6*B9*(-1)) -> -0.9998637
A10: 上海2019 | B10: =-CO2排放量!K23*100 -> -15949.73 | C10: =就业人口!K23 -> 1376.2 | D10: =资本存量!K23 -> 51866.584 | E10: =能源消耗量!L23 -> 11696.46 | F10: =S10-B10 -> 54105.05 | G10: =C10*C10 -> 1893926.4 | H10: =D10*D10 -> 2.6901425e+09 | I10: =E10*E10 -> 1.3680718e+08 | J10: =C10*D10 -> 71378793 | K10: =C10*E10 -> 16096668 | L10: =D10*E10 -> 6.0665542e+08 | M10: =F10*F10 -> 2.9273565e+09 | N10: =C10*F10 -> 74459370 | O10: =D10*F10 -> 2.8062441e+09 | P10: =E10*F10 -> 6.3283756e+08 | Q10: 1 | R10: 9 | S10: =GDP!K23 -> 38155.32 | U10: 0.4939281 | V10: =-($U$2+$U$4*B10*(-1)+$U$8*C10+$U$10*D10+$U$12*E10+$U$6*S10)/($U$14+$U$16*S10+$U$18*C10+$U$20*D10+$U$22*E10+$U$6*B10*(-1)) -> -0.99986873
A11: 上海2020 | B11: =-CO2排放量!K24*100 -> -15462.688 | C11: =就业人口!K24 -> 1374 | D11: =资本存量!K24 -> 55724.868 | E11: =能源消耗量!L24 -> 11099.59 | F11: =S11-B11 -> 54163.268 | G11: =C11*C11 -> 1887876 | H11: =D11*D11 -> 3.1052609e+09 | I11: =E11*E11 -> 1.232009e+08 | J11: =C11*D11 -> 76565969 | K11: =C11*E11 -> 15250837 | L11: =D11*E11 -> 6.1852319e+08 | M11: =F11*F11 -> 2.9336596e+09 | N11: =C11*F11 -> 74420330 | O11: =D11*F11 -> 3.018241e+09 | P11: =E11*F11 -> 6.0119007e+08 | Q11: 1 | R11: 10 | S11: =GDP!K24 -> 38700.58 | U11: η31 | V11: =-($U$2+$U$4*B11*(-1)+$U$8*C11+$U$10*D11+$U$12*E11+$U$6*S11)/($U$14+$U$16*S11+$U$18*C11+$U$20*D11+$U$22*E11+$U$6*B11*(-1)) -> -0.99982544
A12: 江苏2011 | B12: =-CO2排放量!K25*100 -> -61310.789 | C12: =就业人口!K25 -> 4758.23 | D12: =资本存量!K25 -> 86020.797 | E12: =能源消耗量!L25 -> 27588.97 | F12: =S12-B12 -> 110421.06 | G12: =C12*C12 -> 22640753 | H12: =D12*D12 -> 7.3995775e+09 | I12: =E12*E12 -> 7.6115127e+08 | J12: =C12*D12 -> 4.0930674e+08 | K12: =C12*E12 -> 1.3127466e+08 | L12: =D12*E12 -> 2.3732252e+09 | M12: =F12*F12 -> 1.219281e+10 | N12: =C12*F12 -> 5.2540879e+08 | O12: =D12*F12 -> 9.4985075e+09 | P12: =E12*F12 -> 3.0464033e+09 | Q12: 2 | R12: 1 | S12: =GDP!K25 -> 49110.27 | U12: -0.0429955 | V12: =-($U$2+$U$4*B12*(-1)+$U$8*C12+$U$10*D12+$U$12*E12+$U$6*S12)/($U$14+$U$16*S12+$U$18*C12+$U$20*D12+$U$22*E12+$U$6*B12*(-1)) -> -0.99995393
A13: 江苏2012 | B13: =-CO2排放量!K26*100 -> -61998.859 | C13: =就业人口!K26 -> 4759.53 | D13: =资本存量!K26 -> 109469.38 | E13: =能源消耗量!L26 -> 28849.84 | F13: =S13-B13 -> 116057.08 | G13: =C13*C13 -> 22653126 | H13: =D13*D13 -> 1.1983545e+10 | I13: =E13*E13 -> 8.3231327e+08 | J13: =C13*D13 -> 5.210228e+08 | K13: =C13*E13 -> 1.3731168e+08 | L13: =D13*E13 -> 3.1581741e+09 | M13: =F13*F13 -> 1.3469245e+10 | N13: =C13*F13 -> 5.5237715e+08 | O13: =D13*F13 -> 1.2704696e+10 | P13: =E13*F13 -> 3.3482281e+09 | Q13: 2 | R13: 2 | S13: =GDP!K26 -> 54058.22 | U13: β1 | V13: =-($U$2+$U$4*B13*(-1)+$U$8*C13+$U$10*D13+$U$12*E13+$U$6*S13)/($U$14+$U$16*S13+$U$18*C13+$U$20*D13+$U$22*E13+$U$6*B13*(-1)) -> -0.99992789
A14: 江苏2013 | B14: =-CO2排放量!K27*100 -> -63844.095 | C14: =就业人口!K27 -> 4759.89 | D14: =资本存量!K27 -> 134942.84 | E14: =能源消耗量!L27 -> 29205.38 | F14: =S14-B14 -> 123597.47 | G14: =C14*C14 -> 22656553 | H14: =D14*D14 -> 1.820957e+10 | I14: =E14*E14 -> 8.5295422e+08 | J14: =C14*D14 -> 6.4231307e+08 | K14: =C14*E14 -> 1.390144e+08 | L14: =D14*E14 -> 3.9410569e+09 | M14: =F14*F14 -> 1.5276333e+10 | N14: =C14*F14 -> 5.8831034e+08 | O14: =D14*F14 -> 1.6678593e+10 | P14: =E14*F14 -> 3.6097109e+09 | Q14: 2 | R14: 3 | S14: =GDP!K27 -> 59753.37 | U14: =6.571449 -> 6.571449 | V14: =-($U$2+$U$4*B14*(-1)+$U$8*C14+$U$10*D14+$U$12*E14+$U$6*S14)/($U$14+$U$16*S14+$U$18*C14+$U$20*D14+$U$22*E14+$U$6*B14*(-1)) -> -0.99983967
A15: 江苏2014 | B15: =-CO2排放量!K28*100 -> -62107.117 | C15: =就业人口!K28 -> 4760.83 | D15: =资本存量!K28 -> 163541.08 | E15: =能源消耗量!L28 -> 29863.03 | F15: =S15-B15 -> 127195.44 | G15: =C15*C15 -> 22665502 | H15: =D15*D15 -> 2.6745684e+10 | I15: =E15*E15 -> 8.9180056e+08 | J15: =C15*D15 -> 7.7859127e+08 | K15: =C15*E15 -> 1.4217281e+08 | L15: =D15*E15 -> 4.8838321e+09 | M15: =F15*F15 -> 1.6178679e+10 | N15: =C15*F15 -> 6.0555585e+08 | O15: =D15*F15 -> 2.0801679e+10 | P15: =E15*F15 -> 3.7984412e+09 | Q15: 2 | R15: 4 | S15: =GDP!K28 -> 65088.32 | U15: β11 | V15: =-($U$2+$U$4*B15*(-1)+$U$8*C15+$U$10*D15+$U$12*E15+$U$6*S15)/($U$14+$U$16*S15+$U$18*C15+$U$20*D15+$U$22*E15+$U$6*B15*(-1)) -> -1.0001816
A16: 江苏2015 | B16: =-CO2排放量!K29*100 -> -63416.124 | C16: =就业人口!K29 -> 4758.5 | D16: =资本存量!K29 -> 193746.3 | E16: =能源消耗量!L29 -> 30374.14 | F16: =S16-B16 -> 133532.5 | G16: =C16*C16 -> 22643322 | H16: =D16*D16 -> 3.753763e+10 | I16: =E16*E16 -> 9.2258838e+08 | J16: =C16*D16 -> 9.2194179e+08 | K16: =C16*E16 -> 1.4453535e+08 | L16: =D16*E16 -> 5.8848774e+09 | M16: =F16*F16 -> 1.783093e+10 | N16: =C16*F16 -> 6.3541442e+08 | O16: =D16*F16 -> 2.5871429e+10 | P16: =E16*F16 -> 4.055935e+09 | Q16: 2 | R16: 5 | S16: =GDP!K29 -> 70116.38 | U16: =U6 -> -0.6547 | V16: =-($U$2+$U$4*B16*(-1)+$U$8*C16+$U$10*D16+$U$12*E16+$U$6*S16)/($U$14+$U$16*S16+$U$18*C16+$U$20*D16+$U$22*E16+$U$6*B16*(-1)) -> -1.0000615
A17: 江苏2016 | B17: =-CO2排放量!K30*100 -> -65311.684 | C17: =就业人口!K30 -> 4756.22 | D17: =资本存量!K30 -> 224517.51 | E17: =能源消耗量!L30 -> 31209.71 | F17: =S17-B17 -> 142699.96 | G17: =C17*C17 -> 22621629 | H17: =D17*D17 -> 5.0408112e+10 | I17: =E17*E17 -> 9.74046e+08 | J17: =C17*D17 -> 1.0678547e+09 | K17: =C17*E17 -> 1.4844025e+08 | L17: =D17*E17 -> 7.0071263e+09 | M17: =F17*F17 -> 2.036328e+10 | N17: =C17*F17 -> 6.7871242e+08 | O17: =D17*F17 -> 3.2038641e+10 | P17: =E17*F17 -> 4.4536245e+09 | Q17: 2 | R17: 6 | S17: =GDP!K30 -> 77388.28 | U17: δ11 | V17: =-($U$2+$U$4*B17*(-1)+$U$8*C17+$U$10*D17+$U$12*E17+$U$6*S17)/($U$14+$U$16*S17+$U$18*C17+$U$20*D17+$U$22*E17+$U$6*B17*(-1)) -> -1.0000394
A18: 江苏2017 | B18: =-CO2排放量!K31*100 -> -64504.872 | C18: =就业人口!K31 -> 4757.8 | D18: =资本存量!K31 -> 255964.04 | E18: =能源消耗量!L31 -> 31602.09 | F18: =S18-B18 -> 150374.63 | G18: =C18*C18 -> 22636661 | H18: =D18*D18 -> 6.5517589e+10 | I18: =E18*E18 -> 9.9869209e+08 | J18: =C18*D18 -> 1.2178257e+09 | K18: =C18*E18 -> 1.5035642e+08 | L18: =D18*E18 -> 8.0889986e+09 | M18: =F18*F18 -> 2.261253e+10 | N18: =C18*F18 -> 7.1545242e+08 | O18: =D18*F18 -> 3.8490498e+10 | P18: =E18*F18 -> 4.7521527e+09 | Q18: 2 | R18: 7 | S18: =GDP!K31 -> 85869.76 | U18: =U8 -> 1.949462 | V18: =-($U$2+$U$4*B18*(-1)+$U$8*C18+$U$10*D18+$U$12*E18+$U$6*S18)/($U$14+$U$16*S18+$U$18*C18+$U$20*D18+$U$22*E18+$U$6*B18*(-1)) -> -1.0000279
A19: 江苏2018 | B19: =-CO2排放量!K32*100 -> -64496.547 | C19: =就业人口!K32 -> 4750.9 | D19: =资本存量!K32 -> 287306.71 | E19: =能源消耗量!L32 -> 31635.2 | F19: =S19-B19 -> 157704.1 | G19: =C19*C19 -> 22571051 | H19: =D19*D19 -> 8.2545147e+10 | I19: =E19*E19 -> 1.0007859e+09 | J19: =C19*D19 -> 1.3649655e+09 | K19: =C19*E19 -> 1.5029567e+08 | L19: =D19*E19 -> 9.0890053e+09 | M19: =F19*F19 -> 2.4870582e+10 | N19: =C19*F19 -> 7.4923639e+08 | O19: =D19*F19 -> 4.5309445e+10 | P19: =E19*F19 -> 4.9890006e+09 | Q19: 2 | R19: 8 | S19: =GDP!K32 -> 93207.55 | U19: δ21 | V19: =-($U$2+$U$4*B19*(-1)+$U$8*C19+$U$10*D19+$U$12*E19+$U$6*S19)/($U$14+$U$16*S19+$U$18*C19+$U$20*D19+$U$22*E19+$U$6*B19*(-1)) -> -1.0000215
A20: 江苏2019 | B20: =-CO2排放量!K33*100 -> -63658.205 | C20: =就业人口!K33 -> 4745.2 | D20: =资本存量!K33 -> 318492.17 | E20: =能源消耗量!L33 -> 32525.97 | F20: =S20-B20 -> 163289.72 | G20: =C20*C20 -> 22516923 | H20: =D20*D20 -> 1.0143726e+11 | I20: =E20*E20 -> 1.0579387e+09 | J20: =C20*D20 -> 1.511309e+09 | K20: =C20*E20 -> 1.5434223e+08 | L20: =D20*E20 -> 1.0359267e+10 | M20: =F20*F20 -> 2.6663534e+10 | N20: =C20*F20 -> 7.748424e+08 | O20: =D20*F20 -> 5.2006498e+10 | P20: =E20*F20 -> 5.3111567e+09 | Q20: 2 | R20: 9 | S20: =GDP!K33 -> 99631.52 | U20: =U10 -> 0.4939281 | V20: =-($U$2+$U$4*B20*(-1)+$U$8*C20+$U$10*D20+$U$12*E20+$U$6*S20)/($U$14+$U$16*S20+$U$18*C20+$U$20*D20+$U$22*E20+$U$6*B20*(-1)) -> -1.0000172
A21: 江苏2020 | B21: =-CO2排放量!K34*100 -> -62806.253 | C21: =就业人口!K34 -> 4893 | D21: =资本存量!K34 -> 346860.12 | E21: =能源消耗量!L34 -> 32672.49 | F21: =S21-B21 -> 165525.23 | G21: =C21*C21 -> 23941449 | H21: =D21*D21 -> 1.2031194e+11 | I21: =E21*E21 -> 1.0674916e+09 | J21: =C21*D21 -> 1.6971865e+09 | K21: =C21*E21 -> 1.5986649e+08 | L21: =D21*E21 -> 1.1332784e+10 | M21: =F21*F21 -> 2.7398603e+10 | N21: =C21*F21 -> 8.0991496e+08 | O21: =D21*F21 -> 5.7414101e+10 | P21: =E21*F21 -> 5.4081215e+09 | Q21: 2 | R21: 10 | S21: =GDP!K34 -> 102718.98 | U21: δ31 | V21: =-($U$2+$U$4*B21*(-1)+$U$8*C21+$U$10*D21+$U$12*E21+$U$6*S21)/($U$14+$U$16*S21+$U$18*C21+$U$20*D21+$U$22*E21+$U$6*B21*(-1)) -> -1.0000141
A22: 浙江2011 | B22: =-CO2排放量!K35*100 -> -39862.266 | C22: =就业人口!K35 -> 3385 | D22: =资本存量!K35 -> 48084.569 | E22: =能源消耗量!L35 -> 17827.27 | F22: =S22-B22 -> 72181.116 | G22: =C22*C22 -> 11458225 | H22: =D22*D22 -> 2.3121257e+09 | I22: =E22*E22 -> 3.1781156e+08 | J22: =C22*D22 -> 1.6276627e+08 | K22: =C22*E22 -> 60345309 | L22: =D22*E22 -> 8.5721659e+08 | M22: =F22*F22 -> 5.2101135e+09 | N22: =C22*F22 -> 2.4433308e+08 | O22: =D22*F22 -> 3.4707978e+09 | P22: =E22*F22 -> 1.2867922e+09 | Q22: 3 | R22: 1 | S22: =GDP!K35 -> 32318.85 | U22: =U12 -> -0.0429955 | V22: =-($U$2+$U$4*B22*(-1)+$U$8*C22+$U$10*D22+$U$12*E22+$U$6*S22)/($U$14+$U$16*S22+$U$18*C22+$U$20*D22+$U$22*E22+$U$6*B22*(-1)) -> -0.9999434
A23: 浙江2012 | B23: =-CO2排放量!K36*100 -> -38359.346 | C23: =就业人口!K36 -> 3407 | D23: =资本存量!K36 -> 60564.41 | E23: =能源消耗量!L36 -> 18076.18 | F23: =S23-B23 -> 73024.676 | G23: =C23*C23 -> 11607649 | H23: =D23*D23 -> 3.6680478e+09 | I23: =E23*E23 -> 3.2674828e+08 | J23: =C23*D23 -> 2.0634295e+08 | K23: =C23*E23 -> 61585545 | L23: =D23*E23 -> 1.0947732e+09 | M23: =F23*F23 -> 5.3326032e+09 | N23: =C23*F23 -> 2.4879507e+08 | O23: =D23*F23 -> 4.4226964e+09 | P23: =E23*F23 -> 1.3200072e+09 | Q23: 3 | R23: 2 | S23: =GDP!K36 -> 34665.33 | V23: =-($U$2+$U$4*B23*(-1)+$U$8*C23+$U$10*D23+$U$12*E23+$U$6*S23)/($U$14+$U$16*S23+$U$18*C23+$U$20*D23+$U$22*E23+$U$6*B23*(-1)) -> -0.99991683
A24: 浙江2013 | B24: =-CO2排放量!K37*100 -> -38756.092 | C24: =就业人口!K37 -> 3436 | D24: =资本存量!K37 -> 74944.297 | E24: =能源消耗量!L37 -> 18640 | F24: =S24-B24 -> 76512.672 | G24: =C24*C24 -> 11806096 | H24: =D24*D24 -> 5.6166476e+09 | I24: =E24*E24 -> 347449600 | J24: =C24*D24 -> 2.575086e+08 | K24: =C24*E24 -> 64047040 | L24: =D24*E24 -> 1.3969617e+09 | M24: =F24*F24 -> 5.854189e+09 | N24: =C24*F24 -> 2.6289754e+08 | O24: =D24*F24 -> 5.7341884e+09 | P24: =E24*F24 -> 1.4261962e+09 | Q24: 3 | R24: 3 | S24: =GDP!K37 -> 37756.58 | V24: =-($U$2+$U$4*B24*(-1)+$U$8*C24+$U$10*D24+$U$12*E24+$U$6*S24)/($U$14+$U$16*S24+$U$18*C24+$U$20*D24+$U$22*E24+$U$6*B24*(-1)) -> -0.99986057
A25: 浙江2014 | B25: =-CO2排放量!K38*100 -> -38079.47 | C25: =就业人口!K38 -> 3459 | D25: =资本存量!K38 -> 91304.404 | E25: =能源消耗量!L38 -> 18826 | F25: =S25-B25 -> 78252.5 | G25: =C25*C25 -> 11964681 | H25: =D25*D25 -> 8.3364942e+09 | I25: =E25*E25 -> 354418276 | J25: =C25*D25 -> 3.1582193e+08 | K25: =C25*E25 -> 65119134 | L25: =D25*E25 -> 1.7188967e+09 | M25: =F25*F25 -> 6.1234538e+09 | N25: =C25*F25 -> 2.706754e+08 | O25: =D25*F25 -> 7.1447979e+09 | P25: =E25*F25 -> 1.4731816e+09 | Q25: 3 | R25: 4 | S25: =GDP!K38 -> 40173.03 | V25: =-($U$2+$U$4*B25*(-1)+$U$8*C25+$U$10*D25+$U$12*E25+$U$6*S25)/($U$14+$U$16*S25+$U$18*C25+$U$20*D25+$U$22*E25+$U$6*B25*(-1)) -> -0.99483934
A26: 浙江2015 | B26: =-CO2排放量!K39*100 -> -38150.132 | C26: =就业人口!K39 -> 3505 | D26: =资本存量!K39 -> 109203.9 | E26: =能源消耗量!L39 -> 19610 | F26: =S26-B26 -> 81036.622 | G26: =C26*C26 -> 12285025 | H26: =D26*D26 -> 1.1925492e+10 | I26: =E26*E26 -> 384552100 | J26: =C26*D26 -> 3.8275967e+08 | K26: =C26*E26 -> 68733050 | L26: =D26*E26 -> 2.1414885e+09 | M26: =F26*F26 -> 6.5669341e+09 | N26: =C26*F26 -> 2.8403336e+08 | O26: =D26*F26 -> 8.8495153e+09 | P26: =E26*F26 -> 1.5891282e+09 | Q26: 3 | R26: 5 | S26: =GDP!K39 -> 42886.49 | V26: =-($U$2+$U$4*B26*(-1)+$U$8*C26+$U$10*D26+$U$12*E26+$U$6*S26)/($U$14+$U$16*S26+$U$18*C26+$U$20*D26+$U$22*E26+$U$6*B26*(-1)) -> -1.0001453
A27: 浙江2016 | B27: =-CO2排放量!K40*100 -> -37917.654 | C27: =就业人口!K40 -> 3552 | D27: =资本存量!K40 -> 128291.33 | E27: =能源消耗量!L40 -> 20275.6 | F27: =S27-B27 -> 85169.014 | G27: =C27*C27 -> 12616704 | H27: =D27*D27 -> 1.6458665e+10 | I27: =E27*E27 -> 4.1109996e+08 | J27: =C27*D27 -> 4.5569079e+08 | K27: =C27*E27 -> 72018931 | L27: =D27*E27 -> 2.6011836e+09 | M27: =F27*F27 -> 7.2537609e+09 | N27: =C27*F27 -> 3.0252034e+08 | O27: =D27*F27 -> 1.0926446e+10 | P27: =E27*F27 -> 1.7268529e+09 | Q27: 3 | R27: 6 | S27: =GDP!K40 -> 47251.36 | V27: =-($U$2+$U$4*B27*(-1)+$U$8*C27+$U$10*D27+$U$12*E27+$U$6*S27)/($U$14+$U$16*S27+$U$18*C27+$U$20*D27+$U$22*E27+$U$6*B27*(-1)) -> -1.0000732
A28: 浙江2017 | B28: =-CO2排放量!K41*100 -> -40144.068 | C28: =就业人口!K41 -> 3613 | D28: =资本存量!K41 -> 147101.35 | E28: =能源消耗量!L41 -> 21030.01 | F28: =S28-B28 -> 91912.328 | G28: =C28*C28 -> 13053769 | H28: =D28*D28 -> 2.1638807e+10 | I28: =E28*E28 -> 4.4226132e+08 | J28: =C28*D28 -> 5.3147718e+08 | K28: =C28*E28 -> 75981426 | L28: =D28*E28 -> 3.0935429e+09 | M28: =F28*F28 -> 8.447876e+09 | N28: =C28*F28 -> 3.3207924e+08 | O28: =D28*F28 -> 1.3520427e+10 | P28: =E28*F28 -> 1.9329172e+09 | Q28: 3 | R28: 7 | S28: =GDP!K41 -> 51768.26 | V28: =-($U$2+$U$4*B28*(-1)+$U$8*C28+$U$10*D28+$U$12*E28+$U$6*S28)/($U$14+$U$16*S28+$U$18*C28+$U$20*D28+$U$22*E28+$U$6*B28*(-1)) -> -1.0000537
A29: 浙江2018 | B29: =-CO2排放量!K42*100 -> -40165.883 | C29: =就业人口!K42 -> 3691 | D29: =资本存量!K42 -> 166315.56 | E29: =能源消耗量!L42 -> 21674.56 | F29: =S29-B29 -> 98168.883 | G29: =C29*C29 -> 13623481 | H29: =D29*D29 -> 2.7660864e+10 | I29: =E29*E29 -> 4.6978655e+08 | J29: =C29*D29 -> 6.1387071e+08 | K29: =C29*E29 -> 80000801 | L29: =D29*E29 -> 3.6048165e+09 | M29: =F29*F29 -> 9.6371295e+09 | N29: =C29*F29 -> 3.6234135e+08 | O29: =D29*F29 -> 1.6327012e+10 | P29: =E29*F29 -> 2.1277673e+09 | Q29: 3 | R29: 8 | S29: =GDP!K42 -> 58003 | V29: =-($U$2+$U$4*B29*(-1)+$U$8*C29+$U$10*D29+$U$12*E29+$U$6*S29)/($U$14+$U$16*S29+$U$18*C29+$U$20*D29+$U$22*E29+$U$6*B29*(-1)) -> -1.0000414
A30: 浙江2019 | B30: =-CO2排放量!K43*100 -> -41914.663 | C30: =就业人口!K43 -> 3771 | D30: =资本存量!K43 -> 187052.13 | E30: =能源消耗量!L43 -> 22393 | F30: =S30-B30 -> 104266.4 | G30: =C30*C30 -> 14220441 | H30: =D30*D30 -> 3.4988498e+10 | I30: =E30*E30 -> 501446449 | J30: =C30*D30 -> 7.0537357e+08 | K30: =C30*E30 -> 84444003 | L30: =D30*E30 -> 4.1886583e+09 | M30: =F30*F30 -> 1.0871483e+10 | N30: =C30*F30 -> 3.931886e+08 | O30: =D30*F30 -> 1.9503252e+10 | P30: =E30*F30 -> 2.3348376e+09 | Q30: 3 | R30: 9 | S30: =GDP!K43 -> 62351.74 | V30: =-($U$2+$U$4*B30*(-1)+$U$8*C30+$U$10*D30+$U$12*E30+$U$6*S30)/($U$14+$U$16*S30+$U$18*C30+$U$20*D30+$U$22*E30+$U$6*B30*(-1)) -> -1.0000328
A31: 浙江2020 | B31: =-CO2排放量!K44*100 -> -45455.451 | C31: =就业人口!K44 -> 3857 | D31: =资本存量!K44 -> 207779.94 | E31: =能源消耗量!L44 -> 24660 | F31: =S31-B31 -> 110068.79 | G31: =C31*C31 -> 14876449 | H31: =D31*D31 -> 4.3172504e+10 | I31: =E31*E31 -> 608115600 | J31: =C31*D31 -> 8.0140724e+08 | K31: =C31*E31 -> 95113620 | L31: =D31*E31 -> 5.1238534e+09 | M31: =F31*F31 -> 1.2115139e+10 | N31: =C31*F31 -> 4.2453533e+08 | O31: =D31*F31 -> 2.2870087e+10 | P31: =E31*F31 -> 2.7142964e+09 | Q31: 3 | R31: 10 | S31: =GDP!K44 -> 64613.34 | V31: =-($U$2+$U$4*B31*(-1)+$U$8*C31+$U$10*D31+$U$12*E31+$U$6*S31)/($U$14+$U$16*S31+$U$18*C31+$U$20*D31+$U$22*E31+$U$6*B31*(-1)) -> -1.000027
A32: 安徽2011 | B32: =-CO2排放量!K45*100 -> -31538.719 | C32: =就业人口!K45 -> 4120.9 | D32: =资本存量!K45 -> 39588.918 | E32: =能源消耗量!L45 -> 10570.23 | F32: =S32-B32 -> 46839.369 | G32: =C32*C32 -> 16981817 | H32: =D32*D32 -> 1.5672824e+09 | I32: =E32*E32 -> 1.1172976e+08 | J32: =C32*D32 -> 1.6314197e+08 | K32: =C32*E32 -> 43558861 | L32: =D32*E32 -> 4.1846397e+08 | M32: =F32*F32 -> 2.1939265e+09 | N32: =C32*F32 -> 1.9302036e+08 | O32: =D32*F32 -> 1.8543199e+09 | P32: =E32*F32 -> 4.9510291e+08 | Q32: 4 | R32: 1 | S32: =GDP!K45 -> 15300.65 | V32: =-($U$2+$U$4*B32*(-1)+$U$8*C32+$U$10*D32+$U$12*E32+$U$6*S32)/($U$14+$U$16*S32+$U$18*C32+$U$20*D32+$U$22*E32+$U$6*B32*(-1)) -> -0.99971639
A33: 安徽2012 | B33: =-CO2排放量!K46*100 -> -35590.7 | C33: =就业人口!K46 -> 4206.8 | D33: =资本存量!K46 -> 50843.333 | E33: =能源消耗量!L46 -> 11357.95 | F33: =S33-B33 -> 52802.75 | G33: =C33*C33 -> 17697166 | H33: =D33*D33 -> 2.5850445e+09 | I33: =E33*E33 -> 1.2900303e+08 | J33: =C33*D33 -> 2.1388773e+08 | K33: =C33*E33 -> 47780624 | L33: =D33*E33 -> 5.7747603e+08 | M33: =F33*F33 -> 2.7881304e+09 | N33: =C33*F33 -> 2.2213061e+08 | O33: =D33*F33 -> 2.6846678e+09 | P33: =E33*F33 -> 5.99731e+08 | Q33: 4 | R33: 2 | S33: =GDP!K46 -> 17212.051 | V33: =-($U$2+$U$4*B33*(-1)+$U$8*C33+$U$10*D33+$U$12*E33+$U$6*S33)/($U$14+$U$16*S33+$U$18*C33+$U$20*D33+$U$22*E33+$U$6*B33*(-1)) -> -0.99942455
A34: 安徽2013 | B34: =-CO2排放量!K47*100 -> -38718.004 | C34: =就业人口!K47 -> 4275.9 | D34: =资本存量!K47 -> 64213.494 | E34: =能源消耗量!L47 -> 12060.36 | F34: =S34-B34 -> 57947.341 | G34: =C34*C34 -> 18283321 | H34: =D34*D34 -> 4.1233728e+09 | I34: =E34*E34 -> 1.4545228e+08 | J34: =C34*D34 -> 2.7457048e+08 | K34: =C34*E34 -> 51568893 | L34: =D34*E34 -> 7.7443785e+08 | M34: =F34*F34 -> 3.3578943e+09 | N34: =C34*F34 -> 2.4777704e+08 | O34: =D34*F34 -> 3.7210012e+09 | P34: =E34*F34 -> 6.988658e+08 | Q34: 4 | R34: 3 | S34: =GDP!K47 -> 19229.337 | V34: =-($U$2+$U$4*B34*(-1)+$U$8*C34+$U$10*D34+$U$12*E34+$U$6*S34)/($U$14+$U$16*S34+$U$18*C34+$U$20*D34+$U$22*E34+$U$6*B34*(-1)) -> -1.000624
A35: 安徽2014 | B35: =-CO2排放量!K48*100 -> -40179.524 | C35: =就业人口!K48 -> 4311 | D35: =资本存量!K48 -> 79305.292 | E35: =能源消耗量!L48 -> 12011.02 | F35: =S35-B35 -> 61028.272 | G35: =C35*C35 -> 18584721 | H35: =D35*D35 -> 6.2893294e+09 | I35: =E35*E35 -> 1.442646e+08 | J35: =C35*D35 -> 3.4188512e+08 | K35: =C35*E35 -> 51779507 | L35: =D35*E35 -> 9.5253745e+08 | M35: =F35*F35 -> 3.72445e+09 | N35: =C35*F35 -> 2.6309288e+08 | O35: =D35*F35 -> 4.8398649e+09 | P35: =E35*F35 -> 7.3301179e+08 | Q35: 4 | R35: 4 | S35: =GDP!K48 -> 20848.748 | V35: =-($U$2+$U$4*B35*(-1)+$U$8*C35+$U$10*D35+$U$12*E35+$U$6*S35)/($U$14+$U$16*S35+$U$18*C35+$U$20*D35+$U$22*E35+$U$6*B35*(-1)) -> -1.0001406
A36: 安徽2015 | B36: =-CO2排放量!K49*100 -> -39284.83 | C36: =就业人口!K49 -> 4342.1 | D36: =资本存量!K49 -> 95657.536 | E36: =能源消耗量!L49 -> 12301.23 | F36: =S36-B36 -> 61290.46 | G36: =C36*C36 -> 18853832 | H36: =D36*D36 -> 9.1503642e+09 | I36: =E36*E36 -> 1.5132026e+08 | J36: =C36*D36 -> 4.1535459e+08 | K36: =C36*E36 -> 53413171 | L36: =D36*E36 -> 1.1767054e+09 | M36: =F36*F36 -> 3.7565204e+09 | N36: =C36*F36 -> 2.661293e+08 | O36: =D36*F36 -> 5.8628943e+09 | P36: =E36*F36 -> 7.5394804e+08 | Q36: 4 | R36: 5 | S36: =GDP!K49 -> 22005.63 | V36: =-($U$2+$U$4*B36*(-1)+$U$8*C36+$U$10*D36+$U$12*E36+$U$6*S36)/($U$14+$U$16*S36+$U$18*C36+$U$20*D36+$U$22*E36+$U$6*B36*(-1)) -> -1.0000664
A37: 安徽2016 | B37: =-CO2排放量!K50*100 -> -38017.731 | C37: =就业人口!K50 -> 4361.6 | D37: =资本存量!K50 -> 113232.52 | E37: =能源消耗量!L50 -> 12662.89 | F37: =S37-B37 -> 62425.351 | G37: =C37*C37 -> 19023555 | H37: =D37*D37 -> 1.2821604e+10 | I37: =E37*E37 -> 1.6034878e+08 | J37: =C37*D37 -> 4.9387498e+08 | K37: =C37*E37 -> 55230461 | L37: =D37*E37 -> 1.433851e+09 | M37: =F37*F37 -> 3.8969245e+09 | N37: =C37*F37 -> 2.7227441e+08 | O37: =D37*F37 -> 7.0685801e+09 | P37: =E37*F37 -> 7.9048536e+08 | Q37: 4 | R37: 6 | S37: =GDP!K50 -> 24407.62 | V37: =-($U$2+$U$4*B37*(-1)+$U$8*C37+$U$10*D37+$U$12*E37+$U$6*S37)/($U$14+$U$16*S37+$U$18*C37+$U$20*D37+$U$22*E37+$U$6*B37*(-1)) -> -1.0000434
A38: 安徽2017 | B38: =-CO2排放量!K51*100 -> -39701.638 | C38: =就业人口!K51 -> 4377.9 | D38: =资本存量!K51 -> 131548.16 | E38: =能源消耗量!L51 -> 13018.71 | F38: =S38-B38 -> 66719.638 | G38: =C38*C38 -> 19166008 | H38: =D38*D38 -> 1.7304918e+10 | I38: =E38*E38 -> 1.6948681e+08 | J38: =C38*D38 -> 5.7590468e+08 | K38: =C38*E38 -> 56994611 | L38: =D38*E38 -> 1.7125873e+09 | M38: =F38*F38 -> 4.4515101e+09 | N38: =C38*F38 -> 2.920919e+08 | O38: =D38*F38 -> 8.7768455e+09 | P38: =E38*F38 -> 8.6860362e+08 | Q38: 4 | R38: 7 | S38: =GDP!K51 -> 27018 | V38: =-($U$2+$U$4*B38*(-1)+$U$8*C38+$U$10*D38+$U$12*E38+$U$6*S38)/($U$14+$U$16*S38+$U$18*C38+$U$20*D38+$U$22*E38+$U$6*B38*(-1)) -> -1.0000342
A39: 安徽2018 | B39: =-CO2排放量!K52*100 -> -39242.85 | C39: =就业人口!K52 -> 4385.3 | D39: =资本存量!K52 -> 151549.43 | E39: =能源消耗量!L52 -> 13294.71 | F39: =S39-B39 -> 73253.75 | G39: =C39*C39 -> 19230856 | H39: =D39*D39 -> 2.2967231e+10 | I39: =E39*E39 -> 1.7674931e+08 | J39: =C39*D39 -> 6.6458973e+08 | K39: =C39*E39 -> 58301292 | L39: =D39*E39 -> 2.0148058e+09 | M39: =F39*F39 -> 5.3661119e+09 | N39: =C39*F39 -> 3.2123967e+08 | O39: =D39*F39 -> 1.1101564e+10 | P39: =E39*F39 -> 9.7388737e+08 | Q39: 4 | R39: 8 | S39: =GDP!K52 -> 34010.9 | V39: =-($U$2+$U$4*B39*(-1)+$U$8*C39+$U$10*D39+$U$12*E39+$U$6*S39)/($U$14+$U$16*S39+$U$18*C39+$U$20*D39+$U$22*E39+$U$6*B39*(-1)) -> -1.0000287
A40: 安徽2019 | B40: =-CO2排放量!K53*100 -> -39896.247 | C40: =就业人口!K53 -> 4384 | D40: =资本存量!K53 -> 172632.54 | E40: =能源消耗量!L53 -> 13869.73 | F40: =S40-B40 -> 77010.227 | G40: =C40*C40 -> 19219456 | H40: =D40*D40 -> 2.9801993e+10 | I40: =E40*E40 -> 1.9236941e+08 | J40: =C40*D40 -> 7.5682105e+08 | K40: =C40*E40 -> 60804896 | L40: =D40*E40 -> 2.3943667e+09 | M40: =F40*F40 -> 5.9305751e+09 | N40: =C40*F40 -> 3.3761284e+08 | O40: =D40*F40 -> 1.3294471e+10 | P40: =E40*F40 -> 1.0681111e+09 | Q40: 4 | R40: 9 | S40: =GDP!K53 -> 37113.98 | V40: =-($U$2+$U$4*B40*(-1)+$U$8*C40+$U$10*D40+$U$12*E40+$U$6*S40)/($U$14+$U$16*S40+$U$18*C40+$U$20*D40+$U$22*E40+$U$6*B40*(-1)) -> -1.0000234
A41: 安徽2020 | B41: =-CO2排放量!K54*100 -> -39717.087 | C41: =就业人口!K54 -> 3243 | D41: =资本存量!K54 -> 193508.89 | E41: =能源消耗量!L54 -> 14697.9 | F41: =S41-B41 -> 78397.717 | G41: =C41*C41 -> 10517049 | H41: =D41*D41 -> 3.744569e+10 | I41: =E41*E41 -> 2.1602826e+08 | J41: =C41*D41 -> 6.2754933e+08 | K41: =C41*E41 -> 47665290 | L41: =D41*E41 -> 2.8441743e+09 | M41: =F41*F41 -> 6.146202e+09 | N41: =C41*F41 -> 2.542438e+08 | O41: =D41*F41 -> 1.5170655e+10 | P41: =E41*F41 -> 1.1522818e+09 | Q41: 4 | R41: 10 | S41: =GDP!K54 -> 38680.63 | V41: =-($U$2+$U$4*B41*(-1)+$U$8*C41+$U$10*D41+$U$12*E41+$U$6*S41)/($U$14+$U$16*S41+$U$18*C41+$U$20*D41+$U$22*E41+$U$6*B41*(-1)) -> -1.00002
A42: 内蒙古2011 | B42: =-CO2排放量!K55*100 -> -74051.601 | C42: =就业人口!K55 -> 1388 | D42: =资本存量!K55 -> 33951.853 | E42: =能源消耗量!L55 -> 16140.03 | F42: =S42-B42 -> 88411.481 | G42: =C42*C42 -> 1926544 | H42: =D42*D42 -> 1.1527283e+09 | I42: =E42*E42 -> 2.6050057e+08 | J42: =C42*D42 -> 47125173 | K42: =C42*E42 -> 22402362 | L42: =D42*E42 -> 5.4798393e+08 | M42: =F42*F42 -> 7.81659e+09 | N42: =C42*F42 -> 1.2271514e+08 | O42: =D42*F42 -> 3.0017336e+09 | P42: =E42*F42 -> 1.426964e+09 | Q42: 5 | R42: 1 | S42: =GDP!K55 -> 14359.88 | V42: =-($U$2+$U$4*B42*(-1)+$U$8*C42+$U$10*D42+$U$12*E42+$U$6*S42)/($U$14+$U$16*S42+$U$18*C42+$U$20*D42+$U$22*E42+$U$6*B42*(-1)) -> -0.99997442
A43: 内蒙古2012 | B43: =-CO2排放量!K56*100 -> -78869.167 | C43: =就业人口!K56 -> 1379 | D43: =资本存量!K56 -> 42568.215 | E43: =能源消耗量!L56 -> 16912.92 | F43: =S43-B43 -> 94749.746 | G43: =C43*C43 -> 1901641 | H43: =D43*D43 -> 1.812053e+09 | I43: =E43*E43 -> 2.8604686e+08 | J43: =C43*D43 -> 58701569 | K43: =C43*E43 -> 23322917 | L43: =D43*E43 -> 7.1995282e+08 | M43: =F43*F43 -> 8.9775144e+09 | N43: =C43*F43 -> 1.306599e+08 | O43: =D43*F43 -> 4.0333276e+09 | P43: =E43*F43 -> 1.6024949e+09 | Q43: 5 | R43: 2 | S43: =GDP!K56 -> 15880.579 | V43: =-($U$2+$U$4*B43*(-1)+$U$8*C43+$U$10*D43+$U$12*E43+$U$6*S43)/($U$14+$U$16*S43+$U$18*C43+$U$20*D43+$U$22*E43+$U$6*B43*(-1)) -> -0.99997438
A44: 内蒙古2013 | B44: =-CO2排放量!K57*100 -> -78374.309 | C44: =就业人口!K57 -> 1370 | D44: =资本存量!K57 -> 52699.044 | E44: =能源消耗量!L57 -> 17544.17 | F44: =S44-B44 -> 95290.811 | G44: =C44*C44 -> 1876900 | H44: =D44*D44 -> 2.7771893e+09 | I44: =E44*E44 -> 3.077979e+08 | J44: =C44*D44 -> 72197691 | K44: =C44*E44 -> 24035513 | L44: =D44*E44 -> 9.2456099e+08 | M44: =F44*F44 -> 9.0803388e+09 | N44: =C44*F44 -> 1.3054841e+08 | O44: =D44*F44 -> 5.0217347e+09 | P44: =E44*F44 -> 1.6717982e+09 | Q44: 5 | R44: 3 | S44: =GDP!K57 -> 16916.503 | V44: =-($U$2+$U$4*B44*(-1)+$U$8*C44+$U$10*D44+$U$12*E44+$U$6*S44)/($U$14+$U$16*S44+$U$18*C44+$U$20*D44+$U$22*E44+$U$6*B44*(-1)) -> -0.99997096
A45: 内蒙古2014 | B45: =-CO2排放量!K58*100 -> -80600.009 | C45: =就业人口!K58 -> 1360 | D45: =资本存量!K58 -> 65231.762 | E45: =能源消耗量!L58 -> 18167.46 | F45: =S45-B45 -> 98370.198 | G45: =C45*C45 -> 1849600 | H45: =D45*D45 -> 4.2551828e+09 | I45: =E45*E45 -> 3.300566e+08 | J45: =C45*D45 -> 88715197 | K45: =C45*E45 -> 24707746 | L45: =D45*E45 -> 1.1850954e+09 | M45: =F45*F45 -> 9.6766958e+09 | N45: =C45*F45 -> 1.3378347e+08 | O45: =D45*F45 -> 6.4168614e+09 | P45: =E45*F45 -> 1.7871366e+09 | Q45: 5 | R45: 4 | S45: =GDP!K58 -> 17770.189 | V45: =-($U$2+$U$4*B45*(-1)+$U$8*C45+$U$10*D45+$U$12*E45+$U$6*S45)/($U$14+$U$16*S45+$U$18*C45+$U$20*D45+$U$22*E45+$U$6*B45*(-1)) -> -0.999967
A46: 内蒙古2015 | B46: =-CO2排放量!K59*100 -> -75379.994 | C46: =就业人口!K59 -> 1351 | D46: =资本存量!K59 -> 72671.735 | E46: =能源消耗量!L59 -> 18783.71 | F46: =S46-B46 -> 93211.503 | G46: =C46*C46 -> 1825201 | H46: =D46*D46 -> 5.281181e+09 | I46: =E46*E46 -> 3.5282776e+08 | J46: =C46*D46 -> 98179514 | K46: =C46*E46 -> 25376792 | L46: =D46*E46 -> 1.3650448e+09 | M46: =F46*F46 -> 8.6883843e+09 | N46: =C46*F46 -> 1.2592874e+08 | O46: =D46*F46 -> 6.7738416e+09 | P46: =E46*F46 -> 1.7508578e+09 | Q46: 5 | R46: 5 | S46: =GDP!K59 -> 17831.509 | V46: =-($U$2+$U$4*B46*(-1)+$U$8*C46+$U$10*D46+$U$12*E46+$U$6*S46)/($U$14+$U$16*S46+$U$18*C46+$U$20*D46+$U$22*E46+$U$6*B46*(-1)) -> -0.99995708
A47: 内蒙古2016 | B47: =-CO2排放量!K60*100 -> -75461.517 | C47: =就业人口!K60 -> 1326 | D47: =资本存量!K60 -> 80775.262 | E47: =能源消耗量!L60 -> 19309.66 | F47: =S47-B47 -> 93589.617 | G47: =C47*C47 -> 1758276 | H47: =D47*D47 -> 6.5246429e+09 | I47: =E47*E47 -> 3.7286297e+08 | J47: =C47*D47 -> 1.07108e+08 | K47: =C47*E47 -> 25604609 | L47: =D47*E47 -> 1.5597428e+09 | M47: =F47*F47 -> 8.7590163e+09 | N47: =C47*F47 -> 1.2409983e+08 | O47: =D47*F47 -> 7.5597258e+09 | P47: =E47*F47 -> 1.8071837e+09 | Q47: 5 | R47: 6 | S47: =GDP!K60 -> 18128.1 | V47: =-($U$2+$U$4*B47*(-1)+$U$8*C47+$U$10*D47+$U$12*E47+$U$6*S47)/($U$14+$U$16*S47+$U$18*C47+$U$20*D47+$U$22*E47+$U$6*B47*(-1)) -> -0.99994902
A48: 内蒙古2017 | B48: =-CO2排放量!K61*100 -> -76507.294 | C48: =就业人口!K61 -> 1317 | D48: =资本存量!K61 -> 87033.997 | E48: =能源消耗量!L61 -> 19763.44 | F48: =S48-B48 -> 92603.504 | G48: =C48*C48 -> 1734489 | H48: =D48*D48 -> 7.5749167e+09 | I48: =E48*E48 -> 3.9059356e+08 | J48: =C48*D48 -> 1.1462377e+08 | K48: =C48*E48 -> 26028450 | L48: =D48*E48 -> 1.7200912e+09 | M48: =F48*F48 -> 8.575409e+09 | N48: =C48*F48 -> 1.2195882e+08 | O48: =D48*F48 -> 8.0596532e+09 | P48: =E48*F48 -> 1.8301638e+09 | Q48: 5 | R48: 7 | S48: =GDP!K61 -> 16096.21 | V48: =-($U$2+$U$4*B48*(-1)+$U$8*C48+$U$10*D48+$U$12*E48+$U$6*S48)/($U$14+$U$16*S48+$U$18*C48+$U$20*D48+$U$22*E48+$U$6*B48*(-1)) -> -0.99993717
A49: 内蒙古2018 | B49: =-CO2排放量!K62*100 -> -85757.321 | C49: =就业人口!K62 -> 1304 | D49: =资本存量!K62 -> 88866.302 | E49: =能源消耗量!L62 -> 23068.47 | F49: =S49-B49 -> 101898.12 | G49: =C49*C49 -> 1700416 | H49: =D49*D49 -> 7.8972196e+09 | I49: =E49*E49 -> 5.3215431e+08 | J49: =C49*D49 -> 1.1588166e+08 | K49: =C49*E49 -> 30081285 | L49: =D49*E49 -> 2.0500096e+09 | M49: =F49*F49 -> 1.0383227e+10 | N49: =C49*F49 -> 1.3287515e+08 | O49: =D49*F49 -> 9.0553092e+09 | P49: =E49*F49 -> 2.3506338e+09 | Q49: 5 | R49: 8 | S49: =GDP!K62 -> 16140.8 | V49: =-($U$2+$U$4*B49*(-1)+$U$8*C49+$U$10*D49+$U$12*E49+$U$6*S49)/($U$14+$U$16*S49+$U$18*C49+$U$20*D49+$U$22*E49+$U$6*B49*(-1)) -> -0.99995297
A50: 内蒙古2019 | B50: =-CO2排放量!K63*100 -> -97278.728 | C50: =就业人口!K63 -> 1272 | D50: =资本存量!K63 -> 91113.584 | E50: =能源消耗量!L63 -> 25345.57 | F50: =S50-B50 -> 114491.26 | G50: =C50*C50 -> 1617984 | H50: =D50*D50 -> 8.3016851e+09 | I50: =E50*E50 -> 6.4239792e+08 | J50: =C50*D50 -> 1.1589648e+08 | K50: =C50*E50 -> 32239565 | L50: =D50*E50 -> 2.3093257e+09 | M50: =F50*F50 -> 1.3108248e+10 | N50: =C50*F50 -> 1.4563288e+08 | O50: =D50*F50 -> 1.0431709e+10 | P50: =E50*F50 -> 2.9018462e+09 | Q50: 5 | R50: 9 | S50: =GDP!K63 -> 17212.53 | V50: =-($U$2+$U$4*B50*(-1)+$U$8*C50+$U$10*D50+$U$12*E50+$U$6*S50)/($U$14+$U$16*S50+$U$18*C50+$U$20*D50+$U$22*E50+$U$6*B50*(-1)) -> -0.99996498
A51: 内蒙古2020 | B51: =-CO2排放量!K64*100 -> -104666.22 | C51: =就业人口!K64 -> 1242 | D51: =资本存量!K64 -> 92961.893 | E51: =能源消耗量!L64 -> 27133.65 | F51: =S51-B51 -> 122026.04 | G51: =C51*C51 -> 1542564 | H51: =D51*D51 -> 8.6419135e+09 | I51: =E51*E51 -> 7.3623496e+08 | J51: =C51*D51 -> 1.1545867e+08 | K51: =C51*E51 -> 33699993 | L51: =D51*E51 -> 2.5223955e+09 | M51: =F51*F51 -> 1.4890354e+10 | N51: =C51*F51 -> 1.5155634e+08 | O51: =D51*F51 -> 1.1343772e+10 | P51: =E51*F51 -> 3.3110118e+09 | Q51: 5 | R51: 10 | S51: =GDP!K64 -> 17359.82 | V51: =-($U$2+$U$4*B51*(-1)+$U$8*C51+$U$10*D51+$U$12*E51+$U$6*S51)/($U$14+$U$16*S51+$U$18*C51+$U$20*D51+$U$22*E51+$U$6*B51*(-1)) -> -0.99996943
A52: 甘肃2011 | B52: =-CO2排放量!K65*100 -> -16969.415 | C52: =就业人口!K65 -> 1379 | D52: =资本存量!K65 -> 12063.617 | E52: =能源消耗量!L65 -> 6393.69 | F52: =S52-B52 -> 21989.785 | G52: =C52*C52 -> 1901641 | H52: =D52*D52 -> 1.4553086e+08 | I52: =E52*E52 -> 40879272 | J52: =C52*D52 -> 16635728 | K52: =C52*E52 -> 8816898.5 | L52: =D52*E52 -> 77131029 | M52: =F52*F52 -> 4.8355067e+08 | N52: =C52*F52 -> 30323914 | O52: =D52*F52 -> 2.6527636e+08 | P52: =E52*F52 -> 1.4059587e+08 | Q52: 6 | R52: 1 | S52: =GDP!K65 -> 5020.37 | V52: =-($U$2+$U$4*B52*(-1)+$U$8*C52+$U$10*D52+$U$12*E52+$U$6*S52)/($U$14+$U$16*S52+$U$18*C52+$U$20*D52+$U$22*E52+$U$6*B52*(-1)) -> -0.99983384
A53: 甘肃2012 | B53: =-CO2排放量!K66*100 -> -17375.378 | C53: =就业人口!K66 -> 1358 | D53: =资本存量!K66 -> 15085.75 | E53: =能源消耗量!L66 -> 6893.76 | F53: =S53-B53 -> 23025.582 | G53: =C53*C53 -> 1844164 | H53: =D53*D53 -> 2.2757985e+08 | I53: =E53*E53 -> 47523927 | J53: =C53*D53 -> 20486448 | K53: =C53*E53 -> 9361726.1 | L53: =D53*E53 -> 1.0399754e+08 | M53: =F53*F53 -> 5.3017742e+08 | N53: =C53*F53 -> 31268740 | O53: =D53*F53 -> 3.4735817e+08 | P53: =E53*F53 -> 1.5873284e+08 | Q53: 6 | R53: 2 | S53: =GDP!K66 -> 5650.204 | V53: =-($U$2+$U$4*B53*(-1)+$U$8*C53+$U$10*D53+$U$12*E53+$U$6*S53)/($U$14+$U$16*S53+$U$18*C53+$U$20*D53+$U$22*E53+$U$6*B53*(-1)) -> -0.9998101
A54: 甘肃2013 | B54: =-CO2排放量!K67*100 -> -18146.649 | C54: =就业人口!K67 -> 1352 | D54: =资本存量!K67 -> 18678.048 | E54: =能源消耗量!L67 -> 7286.72 | F54: =S54-B54 -> 24477.341 | G54: =C54*C54 -> 1827904 | H54: =D54*D54 -> 3.4886948e+08 | I54: =E54*E54 -> 53096288 | J54: =C54*D54 -> 25252721 | K54: =C54*E54 -> 9851645.4 | L54: =D54*E54 -> 1.3610171e+08 | M54: =F54*F54 -> 5.9914024e+08 | N54: =C54*F54 -> 33093365 | O54: =D54*F54 -> 4.5718896e+08 | P54: =E54*F54 -> 1.7835953e+08 | Q54: 6 | R54: 3 | S54: =GDP!K67 -> 6330.6923 | V54: =-($U$2+$U$4*B54*(-1)+$U$8*C54+$U$10*D54+$U$12*E54+$U$6*S54)/($U$14+$U$16*S54+$U$18*C54+$U$20*D54+$U$22*E54+$U$6*B54*(-1)) -> -0.99977632
A55: 甘肃2014 | B55: =-CO2排放量!K68*100 -> -18046.855 | C55: =就业人口!K68 -> 1348 | D55: =资本存量!K68 -> 23292.155 | E55: =能源消耗量!L68 -> 7521.45 | F55: =S55-B55 -> 24883.676 | G55: =C55*C55 -> 1817104 | H55: =D55*D55 -> 5.425245e+08 | I55: =E55*E55 -> 56572210 | J55: =C55*D55 -> 31397825 | K55: =C55*E55 -> 10138915 | L55: =D55*E55 -> 1.7519078e+08 | M55: =F55*F55 -> 6.1919733e+08 | N55: =C55*F55 -> 33543195 | O55: =D55*F55 -> 5.7959445e+08 | P55: =E55*F55 -> 1.8716132e+08 | Q55: 6 | R55: 4 | S55: =GDP!K68 -> 6836.8208 | V55: =-($U$2+$U$4*B55*(-1)+$U$8*C55+$U$10*D55+$U$12*E55+$U$6*S55)/($U$14+$U$16*S55+$U$18*C55+$U$20*D55+$U$22*E55+$U$6*B55*(-1)) -> -0.99959606
A56: 甘肃2015 | B56: =-CO2排放量!K69*100 -> -17657.53 | C56: =就业人口!K69 -> 1346 | D56: =资本存量!K69 -> 28815.728 | E56: =能源消耗量!L69 -> 7488.5 | F56: =S56-B56 -> 24447.847 | G56: =C56*C56 -> 1811716 | H56: =D56*D56 -> 8.3034621e+08 | I56: =E56*E56 -> 56077632 | J56: =C56*D56 -> 38785971 | K56: =C56*E56 -> 10079521 | L56: =D56*E56 -> 2.1578658e+08 | M56: =F56*F56 -> 5.9769722e+08 | N56: =C56*F56 -> 32906802 | O56: =D56*F56 -> 7.0448252e+08 | P56: =E56*F56 -> 1.830777e+08 | Q56: 6 | R56: 5 | S56: =GDP!K69 -> 6790.3169 | V56: =-($U$2+$U$4*B56*(-1)+$U$8*C56+$U$10*D56+$U$12*E56+$U$6*S56)/($U$14+$U$16*S56+$U$18*C56+$U$20*D56+$U$22*E56+$U$6*B56*(-1)) -> -1.0018675
A57: 甘肃2016 | B57: =-CO2排放量!K70*100 -> -16971.653 | C57: =就业人口!K70 -> 1341 | D57: =资本存量!K70 -> 34676.019 | E57: =能源消耗量!L70 -> 7299.93 | F57: =S57-B57 -> 24172.023 | G57: =C57*C57 -> 1798281 | H57: =D57*D57 -> 1.2024263e+09 | I57: =E57*E57 -> 53288978 | J57: =C57*D57 -> 46500541 | K57: =C57*E57 -> 9789206.1 | L57: =D57*E57 -> 2.5313251e+08 | M57: =F57*F57 -> 5.8428669e+08 | N57: =C57*F57 -> 32414683 | O57: =D57*F57 -> 8.3818952e+08 | P57: =E57*F57 -> 1.7645408e+08 | Q57: 6 | R57: 6 | S57: =GDP!K70 -> 7200.37 | V57: =-($U$2+$U$4*B57*(-1)+$U$8*C57+$U$10*D57+$U$12*E57+$U$6*S57)/($U$14+$U$16*S57+$U$18*C57+$U$20*D57+$U$22*E57+$U$6*B57*(-1)) -> -1.0002771
A58: 甘肃2017 | B58: =-CO2排放量!K71*100 -> -17398.677 | C58: =就业人口!K71 -> 1337 | D58: =资本存量!K71 -> 40881.221 | E58: =能源消耗量!L71 -> 7503.63 | F58: =S58-B58 -> 24858.576 | G58: =C58*C58 -> 1787569 | H58: =D58*D58 -> 1.6712742e+09 | I58: =E58*E58 -> 56304463 | J58: =C58*D58 -> 54658192 | K58: =C58*E58 -> 10032353 | L58: =D58*E58 -> 3.0675755e+08 | M58: =F58*F58 -> 6.179488e+08 | N58: =C58*F58 -> 33235916 | O58: =D58*F58 -> 1.0162489e+09 | P58: =E58*F58 -> 1.8652956e+08 | Q58: 6 | R58: 7 | S58: =GDP!K71 -> 7459.8995 | V58: =-($U$2+$U$4*B58*(-1)+$U$8*C58+$U$10*D58+$U$12*E58+$U$6*S58)/($U$14+$U$16*S58+$U$18*C58+$U$20*D58+$U$22*E58+$U$6*B58*(-1)) -> -1.0001611
A59: 甘肃2018 | B59: =-CO2排放量!K72*100 -> -18249.649 | C59: =就业人口!K72 -> 1337 | D59: =资本存量!K72 -> 46118.894 | E59: =能源消耗量!L72 -> 7822.54 | F59: =S59-B59 -> 26353.719 | G59: =C59*C59 -> 1787569 | H59: =D59*D59 -> 2.1269524e+09 | I59: =E59*E59 -> 61192132 | J59: =C59*D59 -> 61660961 | K59: =C59*E59 -> 10458736 | L59: =D59*E59 -> 3.6076689e+08 | M59: =F59*F59 -> 6.9451848e+08 | N59: =C59*F59 -> 35234922 | O59: =D59*F59 -> 1.2154043e+09 | P59: =E59*F59 -> 2.0615302e+08 | Q59: 6 | R59: 8 | S59: =GDP!K72 -> 8104.07 | V59: =-($U$2+$U$4*B59*(-1)+$U$8*C59+$U$10*D59+$U$12*E59+$U$6*S59)/($U$14+$U$16*S59+$U$18*C59+$U$20*D59+$U$22*E59+$U$6*B59*(-1)) -> -1.0001282
A60: 甘肃2019 | B60: =-CO2排放量!K73*100 -> -18544.138 | C60: =就业人口!K73 -> 1333 | D60: =资本存量!K73 -> 51454.795 | E60: =能源消耗量!L73 -> 7818.02 | F60: =S60-B60 -> 27262.438 | G60: =C60*C60 -> 1776889 | H60: =D60*D60 -> 2.6475959e+09 | I60: =E60*E60 -> 61121437 | J60: =C60*D60 -> 68589242 | K60: =C60*E60 -> 10421421 | L60: =D60*E60 -> 4.0227462e+08 | M60: =F60*F60 -> 7.4324051e+08 | N60: =C60*F60 -> 36340829 | O60: =D60*F60 -> 1.4027831e+09 | P60: =E60*F60 -> 2.1313828e+08 | Q60: 6 | R60: 9 | S60: =GDP!K73 -> 8718.3 | V60: =-($U$2+$U$4*B60*(-1)+$U$8*C60+$U$10*D60+$U$12*E60+$U$6*S60)/($U$14+$U$16*S60+$U$18*C60+$U$20*D60+$U$22*E60+$U$6*B60*(-1)) -> -1.0001017
A61: 甘肃2020 | B61: =-CO2排放量!K74*100 -> -19598.653 | C61: =就业人口!K74 -> 1331 | D61: =资本存量!K74 -> 57044.87 | E61: =能源消耗量!L74 -> 8104.71 | F61: =S61-B61 -> 28615.353 | G61: =C61*C61 -> 1771561 | H61: =D61*D61 -> 3.2541172e+09 | I61: =E61*E61 -> 65686324 | J61: =C61*D61 -> 75926722 | K61: =C61*E61 -> 10787369 | L61: =D61*E61 -> 4.6233213e+08 | M61: =F61*F61 -> 8.1883841e+08 | N61: =C61*F61 -> 38087034 | O61: =D61*F61 -> 1.6323591e+09 | P61: =E61*F61 -> 2.3191913e+08 | Q61: 6 | R61: 10 | S61: =GDP!K74 -> 9016.7 | V61: =-($U$2+$U$4*B61*(-1)+$U$8*C61+$U$10*D61+$U$12*E61+$U$6*S61)/($U$14+$U$16*S61+$U$18*C61+$U$20*D61+$U$22*E61+$U$6*B61*(-1)) -> -1.0000855
A62: 宁夏2011 | B62: =-CO2排放量!K75*100 -> -19094.823 | C62: =就业人口!K75 -> 478.5 | D62: =资本存量!K75 -> 5189.6943 | E62: =能源消耗量!L75 -> 4719.9 | F62: =S62-B62 -> 21197.033 | G62: =C62*C62 -> 228962.25 | H62: =D62*D62 -> 26932927 | I62: =E62*E62 -> 22277456 | J62: =C62*D62 -> 2483268.7 | K62: =C62*E62 -> 2258472.1 | L62: =D62*E62 -> 24494838 | M62: =F62*F62 -> 4.4931419e+08 | N62: =C62*F62 -> 10142780 | O62: =D62*F62 -> 1.1000612e+08 | P62: =E62*F62 -> 1.0004787e+08 | Q62: 7 | R62: 1 | S62: =GDP!K75 -> 2102.21 | V62: =-($U$2+$U$4*B62*(-1)+$U$8*C62+$U$10*D62+$U$12*E62+$U$6*S62)/($U$14+$U$16*S62+$U$18*C62+$U$20*D62+$U$22*E62+$U$6*B62*(-1)) -> -0.99990546
A63: 宁夏2012 | B63: =-CO2排放量!K76*100 -> -18856.962 | C63: =就业人口!K76 -> 487.9 | D63: =资本存量!K76 -> 6801.0018 | E63: =能源消耗量!L76 -> 4895.2 | F63: =S63-B63 -> 21198.252 | G63: =C63*C63 -> 238046.41 | H63: =D63*D63 -> 46253626 | I63: =E63*E63 -> 23962983 | J63: =C63*D63 -> 3318208.8 | K63: =C63*E63 -> 2388368.1 | L63: =D63*E63 -> 33292264 | M63: =F63*F63 -> 4.4936588e+08 | N63: =C63*F63 -> 10342627 | O63: =D63*F63 -> 1.4416935e+08 | P63: =E63*F63 -> 1.0376968e+08 | Q63: 7 | R63: 2 | S63: =GDP!K76 -> 2341.29 | V63: =-($U$2+$U$4*B63*(-1)+$U$8*C63+$U$10*D63+$U$12*E63+$U$6*S63)/($U$14+$U$16*S63+$U$18*C63+$U$20*D63+$U$22*E63+$U$6*B63*(-1)) -> -0.99989767
A64: 宁夏2013 | B64: =-CO2排放量!K77*100 -> -18775.607 | C64: =就业人口!K77 -> 494 | D64: =资本存量!K77 -> 8829.2486 | E64: =能源消耗量!L77 -> 5186.8 | F64: =S64-B64 -> 21353.177 | G64: =C64*C64 -> 244036 | H64: =D64*D64 -> 77955630 | I64: =E64*E64 -> 26902894 | J64: =C64*D64 -> 4361648.8 | K64: =C64*E64 -> 2562279.2 | L64: =D64*E64 -> 45795546 | M64: =F64*F64 -> 4.5595819e+08 | N64: =C64*F64 -> 10548470 | O64: =D64*F64 -> 1.8853251e+08 | P64: =E64*F64 -> 1.1075466e+08 | Q64: 7 | R64: 3 | S64: =GDP!K77 -> 2577.57 | V64: =-($U$2+$U$4*B64*(-1)+$U$8*C64+$U$10*D64+$U$12*E64+$U$6*S64)/($U$14+$U$16*S64+$U$18*C64+$U$20*D64+$U$22*E64+$U$6*B64*(-1)) -> -0.99988729
A65: 宁夏2014 | B65: =-CO2排放量!K78*100 -> -19521.583 | C65: =就业人口!K78 -> 499.15 | D65: =资本存量!K78 -> 11182.626 | E65: =能源消耗量!L78 -> 5336.2 | F65: =S65-B65 -> 22273.683 | G65: =C65*C65 -> 249150.72 | H65: =D65*D65 -> 1.2505112e+08 | I65: =E65*E65 -> 28475030 | J65: =C65*D65 -> 5581807.6 | K65: =C65*E65 -> 2663564.2 | L65: =D65*E65 -> 59672727 | M65: =F65*F65 -> 4.9611695e+08 | N65: =C65*F65 -> 11117909 | O65: =D65*F65 -> 2.4907826e+08 | P65: =E65*F65 -> 1.1885683e+08 | Q65: 7 | R65: 4 | S65: =GDP!K78 -> 2752.1 | V65: =-($U$2+$U$4*B65*(-1)+$U$8*C65+$U$10*D65+$U$12*E65+$U$6*S65)/($U$14+$U$16*S65+$U$18*C65+$U$20*D65+$U$22*E65+$U$6*B65*(-1)) -> -0.99987965
A66: 宁夏2015 | B66: =-CO2排放量!K79*100 -> -19337.849 | C66: =就业人口!K79 -> 503.1 | D66: =资本存量!K79 -> 13642.02 | E66: =能源消耗量!L79 -> 5711.9 | F66: =S66-B66 -> 22249.619 | G66: =C66*C66 -> 253109.61 | H66: =D66*D66 -> 1.8610472e+08 | I66: =E66*E66 -> 32625802 | J66: =C66*D66 -> 6863300.4 | K66: =C66*E66 -> 2873656.9 | L66: =D66*E66 -> 77921856 | M66: =F66*F66 -> 4.9504555e+08 | N66: =C66*F66 -> 11193783 | O66: =D66*F66 -> 3.0352976e+08 | P66: =E66*F66 -> 1.270876e+08 | Q66: 7 | R66: 5 | S66: =GDP!K79 -> 2911.77 | V66: =-($U$2+$U$4*B66*(-1)+$U$8*C66+$U$10*D66+$U$12*E66+$U$6*S66)/($U$14+$U$16*S66+$U$18*C66+$U$20*D66+$U$22*E66+$U$6*B66*(-1)) -> -0.99985889
A67: 宁夏2016 | B67: =-CO2排放量!K80*100 -> -18971.723 | C67: =就业人口!K80 -> 509.4 | D67: =资本存量!K80 -> 16167.85 | E67: =能源消耗量!L80 -> 5787.5 | F67: =S67-B67 -> 22140.313 | G67: =C67*C67 -> 259488.36 | H67: =D67*D67 -> 2.6139936e+08 | I67: =E67*E67 -> 33495156 | J67: =C67*D67 -> 8235902.6 | K67: =C67*E67 -> 2948152.5 | L67: =D67*E67 -> 93571430 | M67: =F67*F67 -> 4.9019348e+08 | N67: =C67*F67 -> 11278276 | O67: =D67*F67 -> 3.5796126e+08 | P67: =E67*F67 -> 1.2813706e+08 | Q67: 7 | R67: 6 | S67: =GDP!K80 -> 3168.59 | V67: =-($U$2+$U$4*B67*(-1)+$U$8*C67+$U$10*D67+$U$12*E67+$U$6*S67)/($U$14+$U$16*S67+$U$18*C67+$U$20*D67+$U$22*E67+$U$6*B67*(-1)) -> -0.99982635
A68: 宁夏2017 | B68: =-CO2排放量!K81*100 -> -22623.798 | C68: =就业人口!K81 -> 514.4 | D68: =资本存量!K81 -> 18429.115 | E68: =能源消耗量!L81 -> 6798.2 | F68: =S68-B68 -> 26067.358 | G68: =C68*C68 -> 264607.36 | H68: =D68*D68 -> 3.3963228e+08 | I68: =E68*E68 -> 46215523 | J68: =C68*D68 -> 9479936.7 | K68: =C68*E68 -> 3496994.1 | L68: =D68*E68 -> 1.2528481e+08 | M68: =F68*F68 -> 6.7950715e+08 | N68: =C68*F68 -> 13409049 | O68: =D68*F68 -> 4.8039833e+08 | P68: =E68*F68 -> 1.7721111e+08 | Q68: 7 | R68: 7 | S68: =GDP!K81 -> 3443.56 | V68: =-($U$2+$U$4*B68*(-1)+$U$8*C68+$U$10*D68+$U$12*E68+$U$6*S68)/($U$14+$U$16*S68+$U$18*C68+$U$20*D68+$U$22*E68+$U$6*B68*(-1)) -> -0.999862
A69: 宁夏2018 | B69: =-CO2排放量!K82*100 -> -23593.473 | C69: =就业人口!K82 -> 518.36 | D69: =资本存量!K82 -> 19779.264 | E69: =能源消耗量!L82 -> 7530.2 | F69: =S69-B69 -> 27103.683 | G69: =C69*C69 -> 268697.09 | H69: =D69*D69 -> 3.9121928e+08 | I69: =E69*E69 -> 56703912 | J69: =C69*D69 -> 10252779 | K69: =C69*E69 -> 3903354.5 | L69: =D69*E69 -> 1.4894181e+08 | M69: =F69*F69 -> 7.3460962e+08 | N69: =C69*F69 -> 14049465 | O69: =D69*F69 -> 5.3609089e+08 | P69: =E69*F69 -> 2.0409615e+08 | Q69: 7 | R69: 8 | S69: =GDP!K82 -> 3510.21 | V69: =-($U$2+$U$4*B69*(-1)+$U$8*C69+$U$10*D69+$U$12*E69+$U$6*S69)/($U$14+$U$16*S69+$U$18*C69+$U$20*D69+$U$22*E69+$U$6*B69*(-1)) -> -0.99986267
A70: 宁夏2019 | B70: =-CO2排放量!K83*100 -> -25189.874 | C70: =就业人口!K83 -> 523.3 | D70: =资本存量!K83 -> 20653.551 | E70: =能源消耗量!L83 -> 8166.7 | F70: =S70-B70 -> 28938.354 | G70: =C70*C70 -> 273842.89 | H70: =D70*D70 -> 4.2656918e+08 | I70: =E70*E70 -> 66694989 | J70: =C70*D70 -> 10808003 | K70: =C70*E70 -> 4273634.1 | L70: =D70*E70 -> 1.6867136e+08 | M70: =F70*F70 -> 8.3742834e+08 | N70: =C70*F70 -> 15143441 | O70: =D70*F70 -> 5.9767978e+08 | P70: =E70*F70 -> 2.3633086e+08 | Q70: 7 | R70: 9 | S70: =GDP!K83 -> 3748.48 | V70: =-($U$2+$U$4*B70*(-1)+$U$8*C70+$U$10*D70+$U$12*E70+$U$6*S70)/($U$14+$U$16*S70+$U$18*C70+$U$20*D70+$U$22*E70+$U$6*B70*(-1)) -> -0.99987607
A71: 宁夏2020 | B71: =-CO2排放量!K84*100 -> -25951.291 | C71: =就业人口!K84 -> 559.1 | D71: =资本存量!K84 -> 21577.016 | E71: =能源消耗量!L84 -> 8581.8 | F71: =S71-B71 -> 29871.841 | G71: =C71*C71 -> 312592.81 | H71: =D71*D71 -> 4.655676e+08 | I71: =E71*E71 -> 73647291 | J71: =C71*D71 -> 12063709 | K71: =C71*E71 -> 4798084.4 | L71: =D71*E71 -> 1.8516963e+08 | M71: =F71*F71 -> 8.9232689e+08 | N71: =C71*F71 -> 16701346 | O71: =D71*F71 -> 6.4454518e+08 | P71: =E71*F71 -> 2.5635417e+08 | Q71: 7 | R71: 10 | S71: =GDP!K84 -> 3920.55 | V71: =-($U$2+$U$4*B71*(-1)+$U$8*C71+$U$10*D71+$U$12*E71+$U$6*S71)/($U$14+$U$16*S71+$U$18*C71+$U$20*D71+$U$22*E71+$U$6*B71*(-1)) -> -0.99987763
A72: 新疆2011 | B72: =-CO2排放量!K85*100 -> -28631.11 | C72: =就业人口!K85 -> 1246.12 | D72: =资本存量!K85 -> 14155.506 | E72: =能源消耗量!L85 -> 9474.5 | F72: =S72-B72 -> 35241.16 | G72: =C72*C72 -> 1552815.1 | H72: =D72*D72 -> 2.0037834e+08 | I72: =E72*E72 -> 89766150 | J72: =C72*D72 -> 17639459 | K72: =C72*E72 -> 11806364 | L72: =D72*E72 -> 1.3411634e+08 | M72: =F72*F72 -> 1.2419393e+09 | N72: =C72*F72 -> 43914714 | O72: =D72*F72 -> 4.9885644e+08 | P72: =E72*F72 -> 3.3389237e+08 | Q72: 8 | R72: 1 | S72: =GDP!K85 -> 6610.05 | V72: =-($U$2+$U$4*B72*(-1)+$U$8*C72+$U$10*D72+$U$12*E72+$U$6*S72)/($U$14+$U$16*S72+$U$18*C72+$U$20*D72+$U$22*E72+$U$6*B72*(-1)) -> -0.99992884
A73: 新疆2012 | B73: =-CO2排放量!K86*100 -> -33344.08 | C73: =就业人口!K86 -> 1257.85 | D73: =资本存量!K86 -> 18955.357 | E73: =能源消耗量!L86 -> 11293.7 | F73: =S73-B73 -> 40849.39 | G73: =C73*C73 -> 1582186.6 | H73: =D73*D73 -> 3.5930556e+08 | I73: =E73*E73 -> 1.2754766e+08 | J73: =C73*D73 -> 23842996 | K73: =C73*E73 -> 14205781 | L73: =D73*E73 -> 2.1407612e+08 | M73: =F73*F73 -> 1.6686727e+09 | N73: =C73*F73 -> 51382405 | O73: =D73*F73 -> 7.7431477e+08 | P73: =E73*F73 -> 4.6134076e+08 | Q73: 8 | R73: 2 | S73: =GDP!K86 -> 7505.31 | V73: =-($U$2+$U$4*B73*(-1)+$U$8*C73+$U$10*D73+$U$12*E73+$U$6*S73)/($U$14+$U$16*S73+$U$18*C73+$U$20*D73+$U$22*E73+$U$6*B73*(-1)) -> -0.9999351
A74: 新疆2013 | B74: =-CO2排放量!K87*100 -> -33633.677 | C74: =就业人口!K87 -> 1271.9 | D74: =资本存量!K87 -> 24867.947 | E74: =能源消耗量!L87 -> 13631.8 | F74: =S74-B74 -> 42077.517 | G74: =C74*C74 -> 1617729.6 | H74: =D74*D74 -> 6.1841479e+08 | I74: =E74*E74 -> 1.8582597e+08 | J74: =C74*D74 -> 31629542 | K74: =C74*E74 -> 17338286 | L74: =D74*E74 -> 3.3899488e+08 | M74: =F74*F74 -> 1.7705174e+09 | N74: =C74*F74 -> 53518394 | O74: =D74*F74 -> 1.0463815e+09 | P74: =E74*F74 -> 5.735923e+08 | Q74: 8 | R74: 3 | S74: =GDP!K87 -> 8443.84 | V74: =-($U$2+$U$4*B74*(-1)+$U$8*C74+$U$10*D74+$U$12*E74+$U$6*S74)/($U$14+$U$16*S74+$U$18*C74+$U$20*D74+$U$22*E74+$U$6*B74*(-1)) -> -0.99992518
A75: 新疆2014 | B75: =-CO2排放量!K88*100 -> -36625.967 | C75: =就业人口!K88 -> 1276.21 | D75: =资本存量!K88 -> 31928.366 | E75: =能源消耗量!L88 -> 14926.1 | F75: =S75-B75 -> 45899.427 | G75: =C75*C75 -> 1628712 | H75: =D75*D75 -> 1.0194206e+09 | I75: =E75*E75 -> 2.2278846e+08 | J75: =C75*D75 -> 40747300 | K75: =C75*E75 -> 19048838 | L75: =D75*E75 -> 4.7656599e+08 | M75: =F75*F75 -> 2.1067574e+09 | N75: =C75*F75 -> 58577307 | O75: =D75*F75 -> 1.4654937e+09 | P75: =E75*F75 -> 6.8509943e+08 | Q75: 8 | R75: 4 | S75: =GDP!K88 -> 9273.46 | V75: =-($U$2+$U$4*B75*(-1)+$U$8*C75+$U$10*D75+$U$12*E75+$U$6*S75)/($U$14+$U$16*S75+$U$18*C75+$U$20*D75+$U$22*E75+$U$6*B75*(-1)) -> -0.99991953
A76: 新疆2015 | B76: =-CO2排放量!K89*100 -> -37909.18 | C76: =就业人口!K89 -> 1305.42 | D76: =资本存量!K89 -> 39676.274 | E76: =能源消耗量!L89 -> 15666.1 | F76: =S76-B76 -> 47233.98 | G76: =C76*C76 -> 1704121.4 | H76: =D76*D76 -> 1.5742067e+09 | I76: =E76*E76 -> 2.4542669e+08 | J76: =C76*D76 -> 51794201 | K76: =C76*E76 -> 20450840 | L76: =D76*E76 -> 6.2157247e+08 | M76: =F76*F76 -> 2.2310489e+09 | N76: =C76*F76 -> 61660182 | O76: =D76*F76 -> 1.8740683e+09 | P76: =E76*F76 -> 7.3997225e+08 | Q76: 8 | R76: 5 | S76: =GDP!K89 -> 9324.8 | V76: =-($U$2+$U$4*B76*(-1)+$U$8*C76+$U$10*D76+$U$12*E76+$U$6*S76)/($U$14+$U$16*S76+$U$18*C76+$U$20*D76+$U$22*E76+$U$6*B76*(-1)) -> -0.99989417
A77: 新疆2016 | B77: =-CO2排放量!K90*100 -> -41085.326 | C77: =就业人口!K90 -> 1332.66 | D77: =资本存量!K90 -> 46154.881 | E77: =能源消耗量!L90 -> 16302.2 | F77: =S77-B77 -> 50735.026 | G77: =C77*C77 -> 1775982.7 | H77: =D77*D77 -> 2.1302731e+09 | I77: =E77*E77 -> 2.6576172e+08 | J77: =C77*D77 -> 61508764 | K77: =C77*E77 -> 21725290 | L77: =D77*E77 -> 7.524261e+08 | M77: =F77*F77 -> 2.5740429e+09 | N77: =C77*F77 -> 67612540 | O77: =D77*F77 -> 2.3416691e+09 | P77: =E77*F77 -> 8.2709255e+08 | Q77: 8 | R77: 6 | S77: =GDP!K90 -> 9649.7 | V77: =-($U$2+$U$4*B77*(-1)+$U$8*C77+$U$10*D77+$U$12*E77+$U$6*S77)/($U$14+$U$16*S77+$U$18*C77+$U$20*D77+$U$22*E77+$U$6*B77*(-1)) -> -0.99988257
A78: 新疆2017 | B78: =-CO2排放量!K91*100 -> -45226.484 | C78: =就业人口!K91 -> 1349.79 | D78: =资本存量!K91 -> 53813.13 | E78: =能源消耗量!L91 -> 17386.3 | F78: =S78-B78 -> 56108.444 | G78: =C78*C78 -> 1821933 | H78: =D78*D78 -> 2.895853e+09 | I78: =E78*E78 -> 3.0228343e+08 | J78: =C78*D78 -> 72636425 | K78: =C78*E78 -> 23467854 | L78: =D78*E78 -> 9.3561123e+08 | M78: =F78*F78 -> 3.1481575e+09 | N78: =C78*F78 -> 75734616 | O78: =D78*F78 -> 3.019371e+09 | P78: =E78*F78 -> 9.7551824e+08 | Q78: 8 | R78: 7 | S78: =GDP!K91 -> 10881.96 | V78: =-($U$2+$U$4*B78*(-1)+$U$8*C78+$U$10*D78+$U$12*E78+$U$6*S78)/($U$14+$U$16*S78+$U$18*C78+$U$20*D78+$U$22*E78+$U$6*B78*(-1)) -> -0.99987899
A79: 新疆2018 | B79: =-CO2排放量!K92*100 -> -48094.605 | C79: =就业人口!K92 -> 1343.95 | D79: =资本存量!K92 -> 58236.158 | E79: =能源消耗量!L92 -> 17694 | F79: =S79-B79 -> 60903.995 | G79: =C79*C79 -> 1806201.6 | H79: =D79*D79 -> 3.3914501e+09 | I79: =E79*E79 -> 313077636 | J79: =C79*D79 -> 78266484 | K79: =C79*E79 -> 23779851 | L79: =D79*E79 -> 1.0304306e+09 | M79: =F79*F79 -> 3.7092967e+09 | N79: =C79*F79 -> 81851925 | O79: =D79*F79 -> 3.5468147e+09 | P79: =E79*F79 -> 1.0776353e+09 | Q79: 8 | R79: 8 | S79: =GDP!K92 -> 12809.39 | V79: =-($U$2+$U$4*B79*(-1)+$U$8*C79+$U$10*D79+$U$12*E79+$U$6*S79)/($U$14+$U$16*S79+$U$18*C79+$U$20*D79+$U$22*E79+$U$6*B79*(-1)) -> -0.99989182
A80: 新疆2019 | B80: =-CO2排放量!K93*100 -> -51930.517 | C80: =就业人口!K93 -> 1355.06 | D80: =资本存量!K93 -> 63004.579 | E80: =能源消耗量!L93 -> 18489.8 | F80: =S80-B80 -> 65527.627 | G80: =C80*C80 -> 1836187.6 | H80: =D80*D80 -> 3.9695769e+09 | I80: =E80*E80 -> 3.418727e+08 | J80: =C80*D80 -> 85374984 | K80: =C80*E80 -> 25054788 | L80: =D80*E80 -> 1.1649421e+09 | M80: =F80*F80 -> 4.2938698e+09 | N80: =C80*F80 -> 88793866 | O80: =D80*F80 -> 4.1285405e+09 | P80: =E80*F80 -> 1.2115927e+09 | Q80: 8 | R80: 9 | S80: =GDP!K93 -> 13597.11 | V80: =-($U$2+$U$4*B80*(-1)+$U$8*C80+$U$10*D80+$U$12*E80+$U$6*S80)/($U$14+$U$16*S80+$U$18*C80+$U$20*D80+$U$22*E80+$U$6*B80*(-1)) -> -0.99989927
A81: 新疆2020 | B81: =-CO2排放量!K94*100 -> -55546.735 | C81: =就业人口!K94 -> 1369.07 | D81: =资本存量!K94 -> 69449.204 | E81: =能源消耗量!L94 -> 18981.8 | F81: =S81-B81 -> 69344.315 | G81: =C81*C81 -> 1874352.7 | H81: =D81*D81 -> 4.8231919e+09 | I81: =E81*E81 -> 3.6030873e+08 | J81: =C81*D81 -> 95080822 | K81: =C81*E81 -> 25987413 | L81: =D81*E81 -> 1.3182709e+09 | M81: =F81*F81 -> 4.808634e+09 | N81: =C81*F81 -> 94937221 | O81: =D81*F81 -> 4.8159075e+09 | P81: =E81*F81 -> 1.3162799e+09 | Q81: 8 | R81: 10 | S81: =GDP!K94 -> 13797.58 | V81: =-($U$2+$U$4*B81*(-1)+$U$8*C81+$U$10*D81+$U$12*E81+$U$6*S81)/($U$14+$U$16*S81+$U$18*C81+$U$20*D81+$U$22*E81+$U$6*B81*(-1)) -> -0.99989174

Sheet 线性规划法进行测算
C1: x1 | D1: x2 | E1: x3 | F1: y1 | G1: b1 | H1: x1*x1 | I1: x2*x2 | J1: x3*x3 | K1: x1*x2 | L1: x1*x3 | M1: x2*x3 | N1: y1^2 | O1: b1^2 | P1: x1*y1 | Q1: x2*y1 | R1: x3*y1 | S1: x1*b1 | T1: x2*b1 | U1: x3*b1 | V1: y1*b1
B2: 40908 | C2: 0.68174728
B3: 41274 | C3: 0.71676677
B4: 41639 | C4: 0.77488564
B5: 42004 | C5: 0.83702187
B6: 42369 | C6: 0.89227549
B7: 42735 | C7: 1.0007829
B8: 43100 | C8: 1.0879504
B9: 43465 | C9: 1.278983
B10: 43830 | C10: 1.3551107
B11: 44196 | C11: 1.374476
B12: 40908 | C12: 0.64879777
B13: 41274 | C13: 0.71416533
... B81: 44196 | C81: 1.3541218

Sheet 用于回归的形式 (2)
B1: -b1 | C1: x1 | D1: x2 | E1: x3 | F1: y1+b1 | G1: x1*x1 | H1: x2*x2 | I1: x3*x3 | J1: x1*x2 | K1: x1*x3 | L1: x2*x3 | M1: (y1+b1)^2 | N1: x1*(y1+b1) | O1: x2*(y1+b1) | P1: x3*(y1+b1) | Q1: id | R1: time | S1: y1 | U1: 𝛾1 | V1: 影子价格
A2: 上海2011 | B2: =-CO2排放量!K15*100 -> -17060.296 | C2: =就业人口!K15 -> 1104.33 | D2: =资本存量!K15 -> 28026.256 | E2: =能源消耗量!L15 -> 10489.09 | F2: =S2-B2 -> 36255.986 | G2: =C2*C2 -> 1219544.7 | H2: =D2*D2 -> 7.8547101e+08 | I2: =E2*E2 -> 1.1002101e+08 | J2: =C2*D2 -> 30950235 | K2: =C2*E2 -> 11583417 | L2: =D2*E2 -> 2.9396992e+08 | M2: =F2*F2 -> 1.3144966e+09 | N2: =C2*F2 -> 40038573 | O2: =D2*F2 -> 1.0161195e+09 | P2: =E2*F2 -> 3.802923e+08 | Q2: 1 | R2: 1 | S2: =GDP!K15 -> 19195.69 | U2: =1+U14 -> 0.9074809 | V2: =-($U$2+$U$4*B2*(-1)+$U$8*C2+$U$10*D2+$U$12*E2+$U$6*S2)/($U$14+$U$16*S2+$U$18*C2+$U$20*D2+$U$22*E2+$U$6*B2*(-1)) -> -1.7968525 | X2: =-10000/V2 -> 5565.2872
A3: 上海2012 | B3: =-CO2排放量!K16*100 -> -16852.072 | C3: =就业人口!K16 -> 1115.5 | D3: =资本存量!K16 -> 30590.115 | E3: =能源消耗量!L16 -> 10573 | F3: =S3-B3 -> 37033.792 | G3: =C3*C3 -> 1244340.2 | H3: =D3*D3 -> 9.3575514e+08 | I3: =E3*E3 -> 111788329 | J3: =C3*D3 -> 34123273 | K3: =C3*E3 -> 11794182 | L3: =D3*E3 -> 3.2342929e+08 | M3: =F3*F3 -> 1.3715018e+09 | N3: =C3*F3 -> 41311195 | O3: =D3*F3 -> 1.132868e+09 | P3: =E3*F3 -> 3.9155828e+08 | Q3: 1 | R3: 2 | S3: =GDP!K16 -> 20181.72 | U3: 𝛾11 | V3: =-($U$2+$U$4*B3*(-1)+$U$8*C3+$U$10*D3+$U$12*E3+$U$6*S3)/($U$14+$U$16*S3+$U$18*C3+$U$20*D3+$U$22*E3+$U$6*B3*(-1)) -> -1.7884227 | X3: =-10000/V3 -> 5591.5193
A4: 上海2013 | B4: =-CO2排放量!K17*100 -> -18178.292 | C4: =就业人口!K17 -> 1137.35 | D4: =资本存量!K17 -> 33301.254 | E4: =能源消耗量!L17 -> 10890.39 | F4: =S4-B4 -> 39996.442 | G4: =C4*C4 -> 1293565 | H4: =D4*D4 -> 1.1089735e+09 | I4: =E4*E4 -> 1.1860059e+08 | J4: =C4*D4 -> 37875181 | K4: =C4*E4 -> 12386185 | L4: =D4*E4 -> 3.6266364e+08 | M4: =F4*F4 -> 1.5997154e+09 | N4: =C4*F4 -> 45489953 | O4: =D4*F4 -> 1.3319317e+09 | P4: =E4*F4 -> 4.3557685e+08 | Q4: 1 | R4: 3 | S4: =GDP!K17 -> 21818.15 | U4: =U16 -> -3.2e-05 | V4: =-($U$2+$U$4*B4*(-1)+$U$8*C4+$U$10*D4+$U$12*E4+$U$6*S4)/($U$14+$U$16*S4+$U$18*C4+$U$20*D4+$U$22*E4+$U$6*B4*(-1)) -> -1.7936895 | X4: =-10000/V4 -> 5575.101
A5: 上海2014 | B5: =-CO2排放量!K18*100 -> -15654.657 | C5: =就业人口!K18 -> 1365.63 | D5: =资本存量!K18 -> 36120.764 | E5: =能源消耗量!L18 -> 10639.86 | F5: =S5-B5 -> 39222.353 | G5: =C5*C5 -> 1864945.3 | H5: =D5*D5 -> 1.3047096e+09 | I5: =E5*E5 -> 1.1320662e+08 | J5: =C5*D5 -> 49327599 | K5: =C5*E5 -> 14530112 | L5: =D5*E5 -> 3.8431987e+08 | M5: =F5*F5 -> 1.5383929e+09 | N5: =C5*F5 -> 53563221 | O5: =D5*F5 -> 1.4167413e+09 | P5: =E5*F5 -> 4.1732034e+08 | Q5: 1 | R5: 4 | S5: =GDP!K18 -> 23567.695 | U5: μ11 | V5: =-($U$2+$U$4*B5*(-1)+$U$8*C5+$U$10*D5+$U$12*E5+$U$6*S5)/($U$14+$U$16*S5+$U$18*C5+$U$20*D5+$U$22*E5+$U$6*B5*(-1)) -> -1.7534368 | X5: =-10000/V5 -> 5703.0854
A6: 上海2015 | B6: =-CO2排放量!K19*100 -> -16164.688 | C6: =就业人口!K19 -> 1361.51 | D6: =资本存量!K19 -> 39005.87 | E6: =能源消耗量!L19 -> 10930.53 | F6: =S6-B6 -> 41288.138 | G6: =C6*C6 -> 1853709.5 | H6: =D6*D6 -> 1.5214579e+09 | I6: =E6*E6 -> 1.1947649e+08 | J6: =C6*D6 -> 53106883 | K6: =C6*E6 -> 14882026 | L6: =D6*E6 -> 4.2635484e+08 | M6: =F6*F6 -> 1.7047104e+09 | N6: =C6*F6 -> 56214213 | O6: =D6*F6 -> 1.6104798e+09 | P6: =E6*F6 -> 4.5130123e+08 | Q6: 1 | R6: 5 | S6: =GDP!K19 -> 25123.45 | U6: =U4 -> -3.2e-05 | V6: =-($U$2+$U$4*B6*(-1)+$U$8*C6+$U$10*D6+$U$12*E6+$U$6*S6)/($U$14+$U$16*S6+$U$18*C6+$U$20*D6+$U$22*E6+$U$6*B6*(-1)) -> -1.7484744 | X6: =-10000/V6 -> 5719.2718
A7: 上海2016 | B7: =-CO2排放量!K20*100 -> -15822.523 | C7: =就业人口!K20 -> 1365.24 | D7: =资本存量!K20 -> 42017.187 | E7: =能源消耗量!L20 -> 11241.73 | F7: =S7-B7 -> 44001.173 | G7: =C7*C7 -> 1863880.3 | H7: =D7*D7 -> 1.765444e+09 | I7: =E7*E7 -> 1.2637649e+08 | J7: =C7*D7 -> 57363544 | K7: =C7*E7 -> 15347659 | L7: =D7*E7 -> 4.7234587e+08 | M7: =F7*F7 -> 1.9361032e+09 | N7: =C7*F7 -> 60072161 | O7: =D7*F7 -> 1.8488055e+09 | P7: =E7*F7 -> 4.946493e+08 | Q7: 1 | R7: 6 | S7: =GDP!K20 -> 28178.65 | U7: η11 | V7: =-($U$2+$U$4*B7*(-1)+$U$8*C7+$U$10*D7+$U$12*E7+$U$6*S7)/($U$14+$U$16*S7+$U$18*C7+$U$20*D7+$U$22*E7+$U$6*B7*(-1)) -> -1.7511534 | X7: =-10000/V7 -> 5710.5221
A8: 上海2017 | B8: =-CO2排放量!K21*100 -> -15657.805 | C8: =就业人口!K21 -> 1372.65 | D8: =资本存量!K21 -> 45230.137 | E8: =能源消耗量!L21 -> 11381.85 | F8: =S8-B8 -> 46290.795 | G8: =C8*C8 -> 1884168 | H8: =D8*D8 -> 2.0457653e+09 | I8: =E8*E8 -> 1.2954651e+08 | J8: =C8*D8 -> 62085147 | K8: =C8*E8 -> 15623296 | L8: =D8*E8 -> 5.1480263e+08 | M8: =F8*F8 -> 2.1428377e+09 | N8: =C8*F8 -> 63541060 | O8: =D8*F8 -> 2.093739e+09 | P8: =E8*F8 -> 5.2687488e+08 | Q8: 1 | R8: 7 | S8: =GDP!K21 -> 30632.99 | U8: =0.0002995 -> 0.0002995 | V8: =-($U$2+$U$4*B8*(-1)+$U$8*C8+$U$10*D8+$U$12*E8+$U$6*S8)/($U$14+$U$16*S8+$U$18*C8+$U$20*D8+$U$22*E8+$U$6*B8*(-1)) -> -1.7630052 | X8: =-10000/V8 -> 5672.133
A9: 上海2018 | B9: =-CO2排放量!K22*100 -> -15147.448 | C9: =就业人口!K22 -> 1375.66 | D9: =资本存量!K22 -> 48511.467 | E9: =能源消耗量!L22 -> 11453.73 | F9: =S9-B9 -> 51159.268 | G9: =C9*C9 -> 1892440.4 | H9: =D9*D9 -> 2.3533624e+09 | I9: =E9*E9 -> 1.3118793e+08 | J9: =C9*D9 -> 66735285 | K9: =C9*E9 -> 15756438 | L9: =D9*E9 -> 5.5563724e+08 | M9: =F9*F9 -> 2.6172707e+09 | N9: =C9*F9 -> 70377759 | O9: =D9*F9 -> 2.4818111e+09 | P9: =E9*F9 -> 5.8596444e+08 | Q9: 1 | R9: 8 | S9: =GDP!K22 -> 36011.82 | U9: η21 | V9: =-($U$2+$U$4*B9*(-1)+$U$8*C9+$U$10*D9+$U$12*E9+$U$6*S9)/($U$14+$U$16*S9+$U$18*C9+$U$20*D9+$U$22*E9+$U$6*B9*(-1)) -> -1.8376578 | X9: =-10000/V9 -> 5441.7095
A10: 上海2019 | B10: =-CO2排放量!K23*100 -> -15949.73 | C10: =就业人口!K23 -> 1376.2 | D10: =资本存量!K23 -> 51866.584 | E10: =能源消耗量!L23 -> 11696.46 | F10: =S10-B10 -> 54105.05 | G10: =C10*C10 -> 1893926.4 | H10: =D10*D10 -> 2.6901425e+09 | I10: =E10*E10 -> 1.3680718e+08 | J10: =C10*D10 -> 71378793 | K10: =C10*E10 -> 16096668 | L10: =D10*E10 -> 6.0665542e+08 | M10: =F10*F10 -> 2.9273565e+09 | N10: =C10*F10 -> 74459370 | O10: =D10*F10 -> 2.8062441e+09 | P10: =E10*F10 -> 6.3283756e+08 | Q10: 1 | R10: 9 | S10: =GDP!K23 -> 38155.32 | U10: 7.5e-06 | V10: =-($U$2+$U$4*B10*(-1)+$U$8*C10+$U$10*D10+$U$12*E10+$U$6*S10)/($U$14+$U$16*S10+$U$18*C10+$U$20*D10+$U$22*E10+$U$6*B10*(-1)) -> -1.8544257 | X10: =-10000/V10 -> 5392.5052
A11: 上海2020 | B11: =-CO2排放量!K24*100 -> -15462.688 | C11: =就业人口!K24 -> 1374 | D11: =资本存量!K24 -> 55724.868 | E11: =能源消耗量!L24 -> 11099.59 | F11: =S11-B11 -> 54163.268 | G11: =C11*C11 -> 1887876 | H11: =D11*D11 -> 3.1052609e+09 | I11: =E11*E11 -> 1.232009e+08 | J11: =C11*D11 -> 76565969 | K11: =C11*E11 -> 15250837 | L11: =D11*E11 -> 6.1852319e+08 | M11: =F11*F11 -> 2.9336596e+09 | N11: =C11*F11 -> 74420330 | O11: =D11*F11 -> 3.018241e+09 | P11: =E11*F11 -> 6.0119007e+08 | Q11: 1 | R11: 10 | S11: =GDP!K24 -> 38700.58 | U11: η31 | V11: =-($U$2+$U$4*B11*(-1)+$U$8*C11+$U$10*D11+$U$12*E11+$U$6*S11)/($U$14+$U$16*S11+$U$18*C11+$U$20*D11+$U$22*E11+$U$6*B11*(-1)) -> -1.9217618 | X11: =-10000/V11 -> 5203.5585
A12: 江苏2011 | B12: =-CO2排放量!K25*100 -> -61310.789 | C12: =就业人口!K25 -> 4758.23 | D12: =资本存量!K25 -> 86020.797 | E12: =能源消耗量!L25 -> 27588.97 | F12: =S12-B12 -> 110421.06 | G12: =C12*C12 -> 22640753 | H12: =D12*D12 -> 7.3995775e+09 | I12: =E12*E12 -> 7.6115127e+08 | J12: =C12*D12 -> 4.0930674e+08 | K12: =C12*E12 -> 1.3127466e+08 | L12: =D12*E12 -> 2.3732252e+09 | M12: =F12*F12 -> 1.219281e+10 | N12: =C12*F12 -> 5.2540879e+08 | O12: =D12*F12 -> 9.4985075e+09 | P12: =E12*F12 -> 3.0464033e+09 | Q12: 2 | R12: 1 | S12: =GDP!K25 -> 49110.27 | U12: 0.0001875 | V12: =-($U$2+$U$4*B12*(-1)+$U$8*C12+$U$10*D12+$U$12*E12+$U$6*S12)/($U$14+$U$16*S12+$U$18*C12+$U$20*D12+$U$22*E12+$U$6*B12*(-1)) -> -1.2764581 | X12: =-10000/V12 -> 7834.1781
A13: 江苏2012 | B13: =-CO2排放量!K26*100 -> -61998.859 | C13: =就业人口!K26 -> 4759.53 | D13: =资本存量!K26 -> 109469.38 | E13: =能源消耗量!L26 -> 28849.84 | F13: =S13-B13 -> 116057.08 | G13: =C13*C13 -> 22653126 | H13: =D13*D13 -> 1.1983545e+10 | I13: =E13*E13 -> 8.3231327e+08 | J13: =C13*D13 -> 5.210228e+08 | K13: =C13*E13 -> 1.3731168e+08 | L13: =D13*E13 -> 3.1581741e+09 | M13: =F13*F13 -> 1.3469245e+10 | N13: =C13*F13 -> 5.5237715e+08 | O13: =D13*F13 -> 1.2704696e+10 | P13: =E13*F13 -> 3.3482281e+09 | Q13: 2 | R13: 2 | S13: =GDP!K26 -> 54058.22 | U13: β1 | V13: =-($U$2+$U$4*B13*(-1)+$U$8*C13+$U$10*D13+$U$12*E13+$U$6*S13)/($U$14+$U$16*S13+$U$18*C13+$U$20*D13+$U$22*E13+$U$6*B13*(-1)) -> -1.2597741 | X13: =-10000/V13 -> 7937.9313
A14: 江苏2013 | B14: =-CO2排放量!K27*100 -> -63844.095 | C14: =就业人口!K27 -> 4759.89 | D14: =资本存量!K27 -> 134942.84 | E14: =能源消耗量!L27 -> 29205.38 | F14: =S14-B14 -> 123597.47 | G14: =C14*C14 -> 22656553 | H14: =D14*D14 -> 1.820957e+10 | I14: =E14*E14 -> 8.5295422e+08 | J14: =C14*D14 -> 6.4231307e+08 | K14: =C14*E14 -> 1.390144e+08 | L14: =D14*E14 -> 3.9410569e+09 | M14: =F14*F14 -> 1.5276333e+10 | N14: =C14*F14 -> 5.8831034e+08 | O14: =D14*F14 -> 1.6678593e+10 | P14: =E14*F14 -> 3.6097109e+09 | Q14: 2 | R14: 3 | S14: =GDP!K27 -> 59753.37 | U14: -0.0925191 | V14: =-($U$2+$U$4*B14*(-1)+$U$8*C14+$U$10*D14+$U$12*E14+$U$6*S14)/($U$14+$U$16*S14+$U$18*C14+$U$20*D14+$U$22*E14+$U$6*B14*(-1)) -> -1.2586633 | X14: =-10000/V14 -> 7944.9363
A15: 江苏2014 | B15: =-CO2排放量!K28*100 -> -62107.117 | C15: =就业人口!K28 -> 4760.83 | D15: =资本存量!K28 -> 163541.08 | E15: =能源消耗量!L28 -> 29863.03 | F15: =S15-B15 -> 127195.44 | G15: =C15*C15 -> 22665502 | H15: =D15*D15 -> 2.6745684e+10 | I15: =E15*E15 -> 8.9180056e+08 | J15: =C15*D15 -> 7.7859127e+08 | K15: =C15*E15 -> 1.4217281e+08 | L15: =D15*E15 -> 4.8838321e+09 | M15: =F15*F15 -> 1.6178679e+10 | N15: =C15*F15 -> 6.0555585e+08 | O15: =D15*F15 -> 2.0801679e+10 | P15: =E15*F15 -> 3.7984412e+09 | Q15: 2 | R15: 4 | S15: =GDP!K28 -> 65088.32 | U15: β11 | V15: =-($U$2+$U$4*B15*(-1)+$U$8*C15+$U$10*D15+$U$12*E15+$U$6*S15)/($U$14+$U$16*S15+$U$18*C15+$U$20*D15+$U$22*E15+$U$6*B15*(-1)) -> -1.2445603 | X15: =-10000/V15 -> 8034.9665
A16: 江苏2015 | B16: =-CO2排放量!K29*100 -> -63416.124 | C16: =就业人口!K29 -> 4758.5 | D16: =资本存量!K29 -> 193746.3 | E16: =能源消耗量!L29 -> 30374.14 | F16: =S16-B16 -> 133532.5 | G16: =C16*C16 -> 22643322 | H16: =D16*D16 -> 3.753763e+10 | I16: =E16*E16 -> 9.2258838e+08 | J16: =C16*D16 -> 9.2194179e+08 | K16: =C16*E16 -> 1.4453535e+08 | L16: =D16*E16 -> 5.8848774e+09 | M16: =F16*F16 -> 1.783093e+10 | N16: =C16*F16 -> 6.3541442e+08 | O16: =D16*F16 -> 2.5871429e+10 | P16: =E16*F16 -> 4.055935e+09 | Q16: 2 | R16: 5 | S16: =GDP!K29 -> 70116.38 | U16: -3.2e-05 | V16: =-($U$2+$U$4*B16*(-1)+$U$8*C16+$U$10*D16+$U$12*E16+$U$6*S16)/($U$14+$U$16*S16+$U$18*C16+$U$20*D16+$U$22*E16+$U$6*B16*(-1)) -> -1.2376505 | X16: =-10000/V16 -> 8079.8255
A17: 江苏2016 | B17: =-CO2排放量!K30*100 -> -65311.684 | C17: =就业人口!K30 -> 4756.22 | D17: =资本存量!K30 -> 224517.51 | E17: =能源消耗量!L30 -> 31209.71 | F17: =S17-B17 -> 142699.96 | G17: =C17*C17 -> 22621629 | H17: =D17*D17 -> 5.0408112e+10 | I17: =E17*E17 -> 9.74046e+08 | J17: =C17*D17 -> 1.0678547e+09 | K17: =C17*E17 -> 1.4844025e+08 | L17: =D17*E17 -> 7.0071263e+09 | M17: =F17*F17 -> 2.036328e+10 | N17: =C17*F17 -> 6.7871242e+08 | O17: =D17*F17 -> 3.2038641e+10 | P17: =E17*F17 -> 4.4536245e+09 | Q17: 2 | R17: 6 | S17: =GDP!K30 -> 77388.28 | U17: δ11 | V17: =-($U$2+$U$4*B17*(-1)+$U$8*C17+$U$10*D17+$U$12*E17+$U$6*S17)/($U$14+$U$16*S17+$U$18*C17+$U$20*D17+$U$22*E17+$U$6*B17*(-1)) -> -1.2324894 | X17: =-10000/V17 -> 8113.6602
A18: 江苏2017 | B18: =-CO2排放量!K31*100 -> -64504.872 | C18: =就业人口!K31 -> 4757.8 | D18: =资本存量!K31 -> 255964.04 | E18: =能源消耗量!L31 -> 31602.09 | F18: =S18-B18 -> 150374.63 | G18: =C18*C18 -> 22636661 | H18: =D18*D18 -> 6.5517589e+10 | I18: =E18*E18 -> 9.9869209e+08 | J18: =C18*D18 -> 1.2178257e+09 | K18: =C18*E18 -> 1.5035642e+08 | L18: =D18*E18 -> 8.0889986e+09 | M18: =F18*F18 -> 2.261253e+10 | N18: =C18*F18 -> 7.1545242e+08 | O18: =D18*F18 -> 3.8490498e+10 | P18: =E18*F18 -> 4.7521527e+09 | Q18: 2 | R18: 7 | S18: =GDP!K31 -> 85869.76 | U18: =U8 -> 0.0002995 | V18: =-($U$2+$U$4*B18*(-1)+$U$8*C18+$U$10*D18+$U$12*E18+$U$6*S18)/($U$14+$U$16*S18+$U$18*C18+$U$20*D18+$U$22*E18+$U$6*B18*(-1)) -> -1.2290649 | X18: =-10000/V18 -> 8136.2672
A19: 江苏2018 | B19: =-CO2排放量!K32*100 -> -64496.547 | C19: =就业人口!K32 -> 4750.9 | D19: =资本存量!K32 -> 287306.71 | E19: =能源消耗量!L32 -> 31635.2 | F19: =S19-B19 -> 157704.1 | G19: =C19*C19 -> 22571051 | H19: =D19*D19 -> 8.2545147e+10 | I19: =E19*E19 -> 1.0007859e+09 | J19: =C19*D19 -> 1.3649655e+09 | K19: =C19*E19 -> 1.5029567e+08 | L19: =D19*E19 -> 9.0890053e+09 | M19: =F19*F19 -> 2.4870582e+10 | N19: =C19*F19 -> 7.4923639e+08 | O19: =D19*F19 -> 4.5309445e+10 | P19: =E19*F19 -> 4.9890006e+09 | Q19: 2 | R19: 8 | S19: =GDP!K32 -> 93207.55 | U19: δ21 | V19: =-($U$2+$U$4*B19*(-1)+$U$8*C19+$U$10*D19+$U$12*E19+$U$6*S19)/($U$14+$U$16*S19+$U$18*C19+$U$20*D19+$U$22*E19+$U$6*B19*(-1)) -> -1.2288201 | X19: =-10000/V19 -> 8137.8875
A20: 江苏2019 | B20: =-CO2排放量!K33*100 -> -63658.205 | C20: =就业人口!K33 -> 4745.2 | D20: =资本存量!K33 -> 318492.17 | E20: =能源消耗量!L33 -> 32525.97 | F20: =S20-B20 -> 163289.72 | G20: =C20*C20 -> 22516923 | H20: =D20*D20 -> 1.0143726e+11 | I20: =E20*E20 -> 1.0579387e+09 | J20: =C20*D20 -> 1.511309e+09 | K20: =C20*E20 -> 1.5434223e+08 | L20: =D20*E20 -> 1.0359267e+10 | M20: =F20*F20 -> 2.6663534e+10 | N20: =C20*F20 -> 7.748424e+08 | O20: =D20*F20 -> 5.2006498e+10 | P20: =E20*F20 -> 5.3111567e+09 | Q20: 2 | R20: 9 | S20: =GDP!K33 -> 99631.52 | U20: =U10 -> 7.5e-06 | V20: =-($U$2+$U$4*B20*(-1)+$U$8*C20+$U$10*D20+$U$12*E20+$U$6*S20)/($U$14+$U$16*S20+$U$18*C20+$U$20*D20+$U$22*E20+$U$6*B20*(-1)) -> -1.2178313 | X20: =-10000/V20 -> 8211.3177
A21: 江苏2020 | B21: =-CO2排放量!K34*100 -> -62806.253 | C21: =就业人口!K34 -> 4893 | D21: =资本存量!K34 -> 346860.12 | E21: =能源消耗量!L34 -> 32672.49 | F21: =S21-B21 -> 165525.23 | G21: =C21*C21 -> 23941449 | H21: =D21*D21 -> 1.2031194e+11 | I21: =E21*E21 -> 1.0674916e+09 | J21: =C21*D21 -> 1.6971865e+09 | K21: =C21*E21 -> 1.5986649e+08 | L21: =D21*E21 -> 1.1332784e+10 | M21: =F21*F21 -> 2.7398603e+10 | N21: =C21*F21 -> 8.0991496e+08 | O21: =D21*F21 -> 5.7414101e+10 | P21: =E21*F21 -> 5.4081215e+09 | Q21: 2 | R21: 10 | S21: =GDP!K34 -> 102718.98 | U21: δ31 | V21: =-($U$2+$U$4*B21*(-1)+$U$8*C21+$U$10*D21+$U$12*E21+$U$6*S21)/($U$14+$U$16*S21+$U$18*C21+$U$20*D21+$U$22*E21+$U$6*B21*(-1)) -> -1.2081742 | X21: =-10000/V21 -> 8276.9523
A22: 浙江2011 | B22: =-CO2排放量!K35*100 -> -39862.266 | C22: =就业人口!K35 -> 3385 | D22: =资本存量!K35 -> 48084.569 | E22: =能源消耗量!L35 -> 17827.27 | F22: =S22-B22 -> 72181.116 | G22: =C22*C22 -> 11458225 | H22: =D22*D22 -> 2.3121257e+09 | I22: =E22*E22 -> 3.1781156e+08 | J22: =C22*D22 -> 1.6276627e+08 | K22: =C22*E22 -> 60345309 | L22: =D22*E22 -> 8.5721659e+08 | M22: =F22*F22 -> 5.2101135e+09 | N22: =C22*F22 -> 2.4433308e+08 | O22: =D22*F22 -> 3.4707978e+09 | P22: =E22*F22 -> 1.2867922e+09 | Q22: 3 | R22: 1 | S22: =GDP!K35 -> 32318.85 | U22: =U12 -> 0.0001875 | V22: =-($U$2+$U$4*B22*(-1)+$U$8*C22+$U$10*D22+$U$12*E22+$U$6*S22)/($U$14+$U$16*S22+$U$18*C22+$U$20*D22+$U$22*E22+$U$6*B22*(-1)) -> -1.4320139 | X22: =-10000/V22 -> 6983.1722
A23: 浙江2012 | B23: =-CO2排放量!K36*100 -> -38359.346 | C23: =就业人口!K36 -> 3407 | D23: =资本存量!K36 -> 60564.41 | E23: =能源消耗量!L36 -> 18076.18 | F23: =S23-B23 -> 73024.676 | G23: =C23*C23 -> 11607649 | H23: =D23*D23 -> 3.6680478e+09 | I23: =E23*E23 -> 3.2674828e+08 | J23: =C23*D23 -> 2.0634295e+08 | K23: =C23*E23 -> 61585545 | L23: =D23*E23 -> 1.0947732e+09 | M23: =F23*F23 -> 5.3326032e+09 | N23: =C23*F23 -> 2.4879507e+08 | O23: =D23*F23 -> 4.4226964e+09 | P23: =E23*F23 -> 1.3200072e+09 | Q23: 3 | R23: 2 | S23: =GDP!K36 -> 34665.33 | V23: =-($U$2+$U$4*B23*(-1)+$U$8*C23+$U$10*D23+$U$12*E23+$U$6*S23)/($U$14+$U$16*S23+$U$18*C23+$U$20*D23+$U$22*E23+$U$6*B23*(-1)) -> -1.4107443 | X23: =-10000/V23 -> 7088.4567
A24: 浙江2013 | B24: =-CO2排放量!K37*100 -> -38756.092 | C24: =就业人口!K37 -> 3436 | D24: =资本存量!K37 -> 74944.297 | E24: =能源消耗量!L37 -> 18640 | F24: =S24-B24 -> 76512.672 | G24: =C24*C24 -> 11806096 | H24: =D24*D24 -> 5.6166476e+09 | I24: =E24*E24 -> 347449600 | J24: =C24*D24 -> 2.575086e+08 | K24: =C24*E24 -> 64047040 | L24: =D24*E24 -> 1.3969617e+09 | M24: =F24*F24 -> 5.854189e+09 | N24: =C24*F24 -> 2.6289754e+08 | O24: =D24*F24 -> 5.7341884e+09 | P24: =E24*F24 -> 1.4261962e+09 | Q24: 3 | R24: 3 | S24: =GDP!K37 -> 37756.58 | V24: =-($U$2+$U$4*B24*(-1)+$U$8*C24+$U$10*D24+$U$12*E24+$U$6*S24)/($U$14+$U$16*S24+$U$18*C24+$U$20*D24+$U$22*E24+$U$6*B24*(-1)) -> -1.3928903 | X24: =-10000/V24 -> 7179.3162
A25: 浙江2014 | B25: =-CO2排放量!K38*100 -> -38079.47 | C25: =就业人口!K38 -> 3459 | D25: =资本存量!K38 -> 91304.404 | E25: =能源消耗量!L38 -> 18826 | F25: =S25-B25 -> 78252.5 | G25: =C25*C25 -> 11964681 | H25: =D25*D25 -> 8.3364942e+09 | I25: =E25*E25 -> 354418276 | J25: =C25*D25 -> 3.1582193e+08 | K25: =C25*E25 -> 65119134 | L25: =D25*E25 -> 1.7188967e+09 | M25: =F25*F25 -> 6.1234538e+09 | N25: =C25*F25 -> 2.706754e+08 | O25: =D25*F25 -> 7.1447979e+09 | P25: =E25*F25 -> 1.4731816e+09 | Q25: 3 | R25: 4 | S25: =GDP!K38 -> 40173.03 | V25: =-($U$2+$U$4*B25*(-1)+$U$8*C25+$U$10*D25+$U$12*E25+$U$6*S25)/($U$14+$U$16*S25+$U$18*C25+$U$20*D25+$U$22*E25+$U$6*B25*(-1)) -> -1.3767856 | X25: =-10000/V25 -> 7263.2952
A26: 浙江2015 | B26: =-CO2排放量!K39*100 -> -38150.132 | C26: =就业人口!K39 -> 3505 | D26: =资本存量!K39 -> 109203.9 | E26: =能源消耗量!L39 -> 19610 | F26: =S26-B26 -> 81036.622 | G26: =C26*C26 -> 12285025 | H26: =D26*D26 -> 1.1925492e+10 | I26: =E26*E26 -> 384552100 | J26: =C26*D26 -> 3.8275967e+08 | K26: =C26*E26 -> 68733050 | L26: =D26*E26 -> 2.1414885e+09 | M26: =F26*F26 -> 6.5669341e+09 | N26: =C26*F26 -> 2.8403336e+08 | O26: =D26*F26 -> 8.8495153e+09 | P26: =E26*F26 -> 1.5891282e+09 | Q26: 3 | R26: 5 | S26: =GDP!K39 -> 42886.49 | V26: =-($U$2+$U$4*B26*(-1)+$U$8*C26+$U$10*D26+$U$12*E26+$U$6*S26)/($U$14+$U$16*S26+$U$18*C26+$U$20*D26+$U$22*E26+$U$6*B26*(-1)) -> -1.3496551 | X26: =-10000/V26 -> 7409.3001
A27: 浙江2016 | B27: =-CO2排放量!K40*100 -> -37917.654 | C27: =就业人口!K40 -> 3552 | D27: =资本存量!K40 -> 128291.33 | E27: =能源消耗量!L40 -> 20275.6 | F27: =S27-B27 -> 85169.014 | G27: =C27*C27 -> 12616704 | H27: =D27*D27 -> 1.6458665e+10 | I27: =E27*E27 -> 4.1109996e+08 | J27: =C27*D27 -> 4.5569079e+08 | K27: =C27*E27 -> 72018931 | L27: =D27*E27 -> 2.6011836e+09 | M27: =F27*F27 -> 7.2537609e+09 | N27: =C27*F27 -> 3.0252034e+08 | O27: =D27*F27 -> 1.0926446e+10 | P27: =E27*F27 -> 1.7268529e+09 | Q27: 3 | R27: 6 | S27: =GDP!K40 -> 47251.36 | V27: =-($U$2+$U$4*B27*(-1)+$U$8*C27+$U$10*D27+$U$12*E27+$U$6*S27)/($U$14+$U$16*S27+$U$18*C27+$U$20*D27+$U$22*E27+$U$6*B27*(-1)) -> -1.3322528 | X27: =-10000/V27 -> 7506.0829
A28: 浙江2017 | B28: =-CO2排放量!K41*100 -> -40144.068 | C28: =就业人口!K41 -> 3613 | D28: =资本存量!K41 -> 147101.35 | E28: =能源消耗量!L41 -> 21030.01 | F28: =S28-B28 -> 91912.328 | G28: =C28*C28 -> 13053769 | H28: =D28*D28 -> 2.1638807e+10 | I28: =E28*E28 -> 4.4226132e+08 | J28: =C28*D28 -> 5.3147718e+08 | K28: =C28*E28 -> 75981426 | L28: =D28*E28 -> 3.0935429e+09 | M28: =F28*F28 -> 8.447876e+09 | N28: =C28*F28 -> 3.3207924e+08 | O28: =D28*F28 -> 1.3520427e+10 | P28: =E28*F28 -> 1.9329172e+09 | Q28: 3 | R28: 7 | S28: =GDP!K41 -> 51768.26 | V28: =-($U$2+$U$4*B28*(-1)+$U$8*C28+$U$10*D28+$U$12*E28+$U$6*S28)/($U$14+$U$16*S28+$U$18*C28+$U$20*D28+$U$22*E28+$U$6*B28*(-1)) -> -1.3231261 | X28: =-10000/V28 -> 7557.8586
A29: 浙江2018 | B29: =-CO2排放量!K42*100 -> -40165.883 | C29: =就业人口!K42 -> 3691 | D29: =资本存量!K42 -> 166315.56 | E29: =能源消耗量!L42 -> 21674.56 | F29: =S29-B29 -> 98168.883 | G29: =C29*C29 -> 13623481 | H29: =D29*D29 -> 2.7660864e+10 | I29: =E29*E29 -> 4.6978655e+08 | J29: =C29*D29 -> 6.1387071e+08 | K29: =C29*E29 -> 80000801 | L29: =D29*E29 -> 3.6048165e+09 | M29: =F29*F29 -> 9.6371295e+09 | N29: =C29*F29 -> 3.6234135e+08 | O29: =D29*F29 -> 1.6327012e+10 | P29: =E29*F29 -> 2.1277673e+09 | Q29: 3 | R29: 8 | S29: =GDP!K42 -> 58003 | V29: =-($U$2+$U$4*B29*(-1)+$U$8*C29+$U$10*D29+$U$12*E29+$U$6*S29)/($U$14+$U$16*S29+$U$18*C29+$U$20*D29+$U$22*E29+$U$6*B29*(-1)) -> -1.3141811 | X29: =-10000/V29 -> 7609.3014
A30: 浙江2019 | B30: =-CO2排放量!K43*100 -> -41914.663 | C30: =就业人口!K43 -> 3771 | D30: =资本存量!K43 -> 187052.13 | E30: =能源消耗量!L43 -> 22393 | F30: =S30-B30 -> 104266.4 | G30: =C30*C30 -> 14220441 | H30: =D30*D30 -> 3.4988498e+10 | I30: =E30*E30 -> 501446449 | J30: =C30*D30 -> 7.0537357e+08 | K30: =C30*E30 -> 84444003 | L30: =D30*E30 -> 4.1886583e+09 | M30: =F30*F30 -> 1.0871483e+10 | N30: =C30*F30 -> 3.931886e+08 | O30: =D30*F30 -> 1.9503252e+10 | P30: =E30*F30 -> 2.3348376e+09 | Q30: 3 | R30: 9 | S30: =GDP!K43 -> 62351.74 | V30: =-($U$2+$U$4*B30*(-1)+$U$8*C30+$U$10*D30+$U$12*E30+$U$6*S30)/($U$14+$U$16*S30+$U$18*C30+$U$20*D30+$U$22*E30+$U$6*B30*(-1)) -> -1.3028514 | X30: =-10000/V30 -> 7675.4722
A31: 浙江2020 | B31: =-CO2排放量!K44*100 -> -45455.451 | C31: =就业人口!K44 -> 3857 | D31: =资本存量!K44 -> 207779.94 | E31: =能源消耗量!L44 -> 24660 | F31: =S31-B31 -> 110068.79 | G31: =C31*C31 -> 14876449 | H31: =D31*D31 -> 4.3172504e+10 | I31: =E31*E31 -> 608115600 | J31: =C31*D31 -> 8.0140724e+08 | K31: =C31*E31 -> 95113620 | L31: =D31*E31 -> 5.1238534e+09 | M31: =F31*F31 -> 1.2115139e+10 | N31: =C31*F31 -> 4.2453533e+08 | O31: =D31*F31 -> 2.2870087e+10 | P31: =E31*F31 -> 2.7142964e+09 | Q31: 3 | R31: 10 | S31: =GDP!K44 -> 64613.34 | V31: =-($U$2+$U$4*B31*(-1)+$U$8*C31+$U$10*D31+$U$12*E31+$U$6*S31)/($U$14+$U$16*S31+$U$18*C31+$U$20*D31+$U$22*E31+$U$6*B31*(-1)) -> -1.268633 | X31: =-10000/V31 -> 7882.5002
A32: 安徽2011 | B32: =-CO2排放量!K45*100 -> -31538.719 | C32: =就业人口!K45 -> 4120.9 | D32: =资本存量!K45 -> 39588.918 | E32: =能源消耗量!L45 -> 10570.23 | F32: =S32-B32 -> 46839.369 | G32: =C32*C32 -> 16981817 | H32: =D32*D32 -> 1.5672824e+09 | I32: =E32*E32 -> 1.1172976e+08 | J32: =C32*D32 -> 1.6314197e+08 | K32: =C32*E32 -> 43558861 | L32: =D32*E32 -> 4.1846397e+08 | M32: =F32*F32 -> 2.1939265e+09 | N32: =C32*F32 -> 1.9302036e+08 | O32: =D32*F32 -> 1.8543199e+09 | P32: =E32*F32 -> 4.9510291e+08 | Q32: 4 | R32: 1 | S32: =GDP!K45 -> 15300.65 | V32: =-($U$2+$U$4*B32*(-1)+$U$8*C32+$U$10*D32+$U$12*E32+$U$6*S32)/($U$14+$U$16*S32+$U$18*C32+$U$20*D32+$U$22*E32+$U$6*B32*(-1)) -> -1.5203819 | X32: =-10000/V32 -> 6577.2949
A33: 安徽2012 | B33: =-CO2排放量!K46*100 -> -35590.7 | C33: =就业人口!K46 -> 4206.8 | D33: =资本存量!K46 -> 50843.333 | E33: =能源消耗量!L46 -> 11357.95 | F33: =S33-B33 -> 52802.75 | G33: =C33*C33 -> 17697166 | H33: =D33*D33 -> 2.5850445e+09 | I33: =E33*E33 -> 1.2900303e+08 | J33: =C33*D33 -> 2.1388773e+08 | K33: =C33*E33 -> 47780624 | L33: =D33*E33 -> 5.7747603e+08 | M33: =F33*F33 -> 2.7881304e+09 | N33: =C33*F33 -> 2.2213061e+08 | O33: =D33*F33 -> 2.6846678e+09 | P33: =E33*F33 -> 5.99731e+08 | Q33: 4 | R33: 2 | S33: =GDP!K46 -> 17212.051 | V33: =-($U$2+$U$4*B33*(-1)+$U$8*C33+$U$10*D33+$U$12*E33+$U$6*S33)/($U$14+$U$16*S33+$U$18*C33+$U$20*D33+$U$22*E33+$U$6*B33*(-1)) -> -1.5028486 | X33: =-10000/V33 -> 6654.0302
A34: 安徽2013 | B34: =-CO2排放量!K47*100 -> -38718.004 | C34: =就业人口!K47 -> 4275.9 | D34: =资本存量!K47 -> 64213.494 | E34: =能源消耗量!L47 -> 12060.36 | F34: =S34-B34 -> 57947.341 | G34: =C34*C34 -> 18283321 | H34: =D34*D34 -> 4.1233728e+09 | I34: =E34*E34 -> 1.4545228e+08 | J34: =C34*D34 -> 2.7457048e+08 | K34: =C34*E34 -> 51568893 | L34: =D34*E34 -> 7.7443785e+08 | M34: =F34*F34 -> 3.3578943e+09 | N34: =C34*F34 -> 2.4777704e+08 | O34: =D34*F34 -> 3.7210012e+09 | P34: =E34*F34 -> 6.988658e+08 | Q34: 4 | R34: 3 | S34: =GDP!K47 -> 19229.337 | V34: =-($U$2+$U$4*B34*(-1)+$U$8*C34+$U$10*D34+$U$12*E34+$U$6*S34)/($U$14+$U$16*S34+$U$18*C34+$U$20*D34+$U$22*E34+$U$6*B34*(-1)) -> -1.4815293 | X34: =-10000/V34 -> 6749.782
A35: 安徽2014 | B35: =-CO2排放量!K48*100 -> -40179.524 | C35: =就业人口!K48 -> 4311 | D35: =资本存量!K48 -> 79305.292 | E35: =能源消耗量!L48 -> 12011.02 | F35: =S35-B35 -> 61028.272 | G35: =C35*C35 -> 18584721 | H35: =D35*D35 -> 6.2893294e+09 | I35: =E35*E35 -> 1.442646e+08 | J35: =C35*D35 -> 3.4188512e+08 | K35: =C35*E35 -> 51779507 | L35: =D35*E35 -> 9.5253745e+08 | M35: =F35*F35 -> 3.72445e+09 | N35: =C35*F35 -> 2.6309288e+08 | O35: =D35*F35 -> 4.8398649e+09 | P35: =E35*F35 -> 7.3301179e+08 | Q35: 4 | R35: 4 | S35: =GDP!K48 -> 20848.748 | V35: =-($U$2+$U$4*B35*(-1)+$U$8*C35+$U$10*D35+$U$12*E35+$U$6*S35)/($U$14+$U$16*S35+$U$18*C35+$U$20*D35+$U$22*E35+$U$6*B35*(-1)) -> -1.4778797 | X35: =-10000/V35 -> 6766.4504
A36: 安徽2015 | B36: =-CO2排放量!K49*100 -> -39284.83 | C36: =就业人口!K49 -> 4342.1 | D36: =资本存量!K49 -> 95657.536 | E36: =能源消耗量!L49 -> 12301.23 | F36: =S36-B36 -> 61290.46 | G36: =C36*C36 -> 18853832 | H36: =D36*D36 -> 9.1503642e+09 | I36: =E36*E36 -> 1.5132026e+08 | J36: =C36*D36 -> 4.1535459e+08 | K36: =C36*E36 -> 53413171 | L36: =D36*E36 -> 1.1767054e+09 | M36: =F36*F36 -> 3.7565204e+09 | N36: =C36*F36 -> 2.661293e+08 | O36: =D36*F36 -> 5.8628943e+09 | P36: =E36*F36 -> 7.5394804e+08 | Q36: 4 | R36: 5 | S36: =GDP!K49 -> 22005.63 | V36: =-($U$2+$U$4*B36*(-1)+$U$8*C36+$U$10*D36+$U$12*E36+$U$6*S36)/($U$14+$U$16*S36+$U$18*C36+$U$20*D36+$U$22*E36+$U$6*B36*(-1)) -> -1.4404205 | X36: =-10000/V36 -> 6942.4171
A37: 安徽2016 | B37: =-CO2排放量!K50*100 -> -38017.731 | C37: =就业人口!K50 -> 4361.6 | D37: =资本存量!K50 -> 113232.52 | E37: =能源消耗量!L50 -> 12662.89 | F37: =S37-B37 -> 62425.351 | G37: =C37*C37 -> 19023555 | H37: =D37*D37 -> 1.2821604e+10 | I37: =E37*E37 -> 1.6034878e+08 | J37: =C37*D37 -> 4.9387498e+08 | K37: =C37*E37 -> 55230461 | L37: =D37*E37 -> 1.433851e+09 | M37: =F37*F37 -> 3.8969245e+09 | N37: =C37*F37 -> 2.7227441e+08 | O37: =D37*F37 -> 7.0685801e+09 | P37: =E37*F37 -> 7.9048536e+08 | Q37: 4 | R37: 6 | S37: =GDP!K50 -> 24407.62 | V37: =-($U$2+$U$4*B37*(-1)+$U$8*C37+$U$10*D37+$U$12*E37+$U$6*S37)/($U$14+$U$16*S37+$U$18*C37+$U$20*D37+$U$22*E37+$U$6*B37*(-1)) -> -1.4098857 | X37: =-10000/V37 -> 7092.7737
A38: 安徽2017 | B38: =-CO2排放量!K51*100 -> -39701.638 | C38: =就业人口!K51 -> 4377.9 | D38: =资本存量!K51 -> 131548.16 | E38: =能源消耗量!L51 -> 13018.71 | F38: =S38-B38 -> 66719.638 | G38: =C38*C38 -> 19166008 | H38: =D38*D38 -> 1.7304918e+10 | I38: =E38*E38 -> 1.6948681e+08 | J38: =C38*D38 -> 5.7590468e+08 | K38: =C38*E38 -> 56994611 | L38: =D38*E38 -> 1.7125873e+09 | M38: =F38*F38 -> 4.4515101e+09 | N38: =C38*F38 -> 2.920919e+08 | O38: =D38*F38 -> 8.7768455e+09 | P38: =E38*F38 -> 8.6860362e+08 | Q38: 4 | R38: 7 | S38: =GDP!K51 -> 27018 | V38: =-($U$2+$U$4*B38*(-1)+$U$8*C38+$U$10*D38+$U$12*E38+$U$6*S38)/($U$14+$U$16*S38+$U$18*C38+$U$20*D38+$U$22*E38+$U$6*B38*(-1)) -> -1.3982076 | X38: =-10000/V38 -> 7152.0137
A39: 安徽2018 | B39: =-CO2排放量!K52*100 -> -39242.85 | C39: =就业人口!K52 -> 4385.3 | D39: =资本存量!K52 -> 151549.43 | E39: =能源消耗量!L52 -> 13294.71 | F39: =S39-B39 -> 73253.75 | G39: =C39*C39 -> 19230856 | H39: =D39*D39 -> 2.2967231e+10 | I39: =E39*E39 -> 1.7674931e+08 | J39: =C39*D39 -> 6.6458973e+08 | K39: =C39*E39 -> 58301292 | L39: =D39*E39 -> 2.0148058e+09 | M39: =F39*F39 -> 5.3661119e+09 | N39: =C39*F39 -> 3.2123967e+08 | O39: =D39*F39 -> 1.1101564e+10 | P39: =E39*F39 -> 9.7388737e+08 | Q39: 4 | R39: 8 | S39: =GDP!K52 -> 34010.9 | V39: =-($U$2+$U$4*B39*(-1)+$U$8*C39+$U$10*D39+$U$12*E39+$U$6*S39)/($U$14+$U$16*S39+$U$18*C39+$U$20*D39+$U$22*E39+$U$6*B39*(-1)) -> -1.3990205 | X39: =-10000/V39 -> 7147.8583
A40: 安徽2019 | B40: =-CO2排放量!K53*100 -> -39896.247 | C40: =就业人口!K53 -> 4384 | D40: =资本存量!K53 -> 172632.54 | E40: =能源消耗量!L53 -> 13869.73 | F40: =S40-B40 -> 77010.227 | G40: =C40*C40 -> 19219456 | H40: =D40*D40 -> 2.9801993e+10 | I40: =E40*E40 -> 1.9236941e+08 | J40: =C40*D40 -> 7.5682105e+08 | K40: =C40*E40 -> 60804896 | L40: =D40*E40 -> 2.3943667e+09 | M40: =F40*F40 -> 5.9305751e+09 | N40: =C40*F40 -> 3.3761284e+08 | O40: =D40*F40 -> 1.3294471e+10 | P40: =E40*F40 -> 1.0681111e+09 | Q40: 4 | R40: 9 | S40: =GDP!K53 -> 37113.98 | V40: =-($U$2+$U$4*B40*(-1)+$U$8*C40+$U$10*D40+$U$12*E40+$U$6*S40)/($U$14+$U$16*S40+$U$18*C40+$U$20*D40+$U$22*E40+$U$6*B40*(-1)) -> -1.3771479 | X40: =-10000/V40 -> 7261.3845
A41: 安徽2020 | B41: =-CO2排放量!K54*100 -> -39717.087 | C41: =就业人口!K54 -> 3243 | D41: =资本存量!K54 -> 193508.89 | E41: =能源消耗量!L54 -> 14697.9 | F41: =S41-B41 -> 78397.717 | G41: =C41*C41 -> 10517049 | H41: =D41*D41 -> 3.744569e+10 | I41: =E41*E41 -> 2.1602826e+08 | J41: =C41*D41 -> 6.2754933e+08 | K41: =C41*E41 -> 47665290 | L41: =D41*E41 -> 2.8441743e+09 | M41: =F41*F41 -> 6.146202e+09 | N41: =C41*F41 -> 2.542438e+08 | O41: =D41*F41 -> 1.5170655e+10 | P41: =E41*F41 -> 1.1522818e+09 | Q41: 4 | R41: 10 | S41: =GDP!K54 -> 38680.63 | V41: =-($U$2+$U$4*B41*(-1)+$U$8*C41+$U$10*D41+$U$12*E41+$U$6*S41)/($U$14+$U$16*S41+$U$18*C41+$U$20*D41+$U$22*E41+$U$6*B41*(-1)) -> -1.3880172 | X41: =-10000/V41 -> 7204.5217
A42: 内蒙古2011 | B42: =-CO2排放量!K55*100 -> -74051.601 | C42: =就业人口!K55 -> 1388 | D42: =资本存量!K55 -> 33951.853 | E42: =能源消耗量!L55 -> 16140.03 | F42: =S42-B42 -> 88411.481 | G42: =C42*C42 -> 1926544 | H42: =D42*D42 -> 1.1527283e+09 | I42: =E42*E42 -> 2.6050057e+08 | J42: =C42*D42 -> 47125173 | K42: =C42*E42 -> 22402362 | L42: =D42*E42 -> 5.4798393e+08 | M42: =F42*F42 -> 7.81659e+09 | N42: =C42*F42 -> 1.2271514e+08 | O42: =D42*F42 -> 3.0017336e+09 | P42: =E42*F42 -> 1.426964e+09 | Q42: 5 | R42: 1 | S42: =GDP!K55 -> 14359.88 | V42: =-($U$2+$U$4*B42*(-1)+$U$8*C42+$U$10*D42+$U$12*E42+$U$6*S42)/($U$14+$U$16*S42+$U$18*C42+$U$20*D42+$U$22*E42+$U$6*B42*(-1)) -> -2.2904657 | X42: =-10000/V42 -> 4365.9243
A43: 内蒙古2012 | B43: =-CO2排放量!K56*100 -> -78869.167 | C43: =就业人口!K56 -> 1379 | D43: =资本存量!K56 -> 42568.215 | E43: =能源消耗量!L56 -> 16912.92 | F43: =S43-B43 -> 94749.746 | G43: =C43*C43 -> 1901641 | H43: =D43*D43 -> 1.812053e+09 | I43: =E43*E43 -> 2.8604686e+08 | J43: =C43*D43 -> 58701569 | K43: =C43*E43 -> 23322917 | L43: =D43*E43 -> 7.1995282e+08 | M43: =F43*F43 -> 8.9775144e+09 | N43: =C43*F43 -> 1.306599e+08 | O43: =D43*F43 -> 4.0333276e+09 | P43: =E43*F43 -> 1.6024949e+09 | Q43: 5 | R43: 2 | S43: =GDP!K56 -> 15880.579 | V43: =-($U$2+$U$4*B43*(-1)+$U$8*C43+$U$10*D43+$U$12*E43+$U$6*S43)/($U$14+$U$16*S43+$U$18*C43+$U$20*D43+$U$22*E43+$U$6*B43*(-1)) -> -2.2838064 | X43: =-10000/V43 -> 4378.6548
A44: 内蒙古2013 | B44: =-CO2排放量!K57*100 -> -78374.309 | C44: =就业人口!K57 -> 1370 | D44: =资本存量!K57 -> 52699.044 | E44: =能源消耗量!L57 -> 17544.17 | F44: =S44-B44 -> 95290.811 | G44: =C44*C44 -> 1876900 | H44: =D44*D44 -> 2.7771893e+09 | I44: =E44*E44 -> 3.077979e+08 | J44: =C44*D44 -> 72197691 | K44: =C44*E44 -> 24035513 | L44: =D44*E44 -> 9.2456099e+08 | M44: =F44*F44 -> 9.0803388e+09 | N44: =C44*F44 -> 1.3054841e+08 | O44: =D44*F44 -> 5.0217347e+09 | P44: =E44*F44 -> 1.6717982e+09 | Q44: 5 | R44: 3 | S44: =GDP!K57 -> 16916.503 | V44: =-($U$2+$U$4*B44*(-1)+$U$8*C44+$U$10*D44+$U$12*E44+$U$6*S44)/($U$14+$U$16*S44+$U$18*C44+$U$20*D44+$U$22*E44+$U$6*B44*(-1)) -> -2.0490266 | X44: =-10000/V44 -> 4880.366
A45: 内蒙古2014 | B45: =-CO2排放量!K58*100 -> -80600.009 | C45: =就业人口!K58 -> 1360 | D45: =资本存量!K58 -> 65231.762 | E45: =能源消耗量!L58 -> 18167.46 | F45: =S45-B45 -> 98370.198 | G45: =C45*C45 -> 1849600 | H45: =D45*D45 -> 4.2551828e+09 | I45: =E45*E45 -> 3.300566e+08 | J45: =C45*D45 -> 88715197 | K45: =C45*E45 -> 24707746 | L45: =D45*E45 -> 1.1850954e+09 | M45: =F45*F45 -> 9.6766958e+09 | N45: =C45*F45 -> 1.3378347e+08 | O45: =D45*F45 -> 6.4168614e+09 | P45: =E45*F45 -> 1.7871366e+09 | Q45: 5 | R45: 4 | S45: =GDP!K58 -> 17770.189 | V45: =-($U$2+$U$4*B45*(-1)+$U$8*C45+$U$10*D45+$U$12*E45+$U$6*S45)/($U$14+$U$16*S45+$U$18*C45+$U$20*D45+$U$22*E45+$U$6*B45*(-1)) -> -1.9410954 | X45: =-10000/V45 -> 5151.7303
A46: 内蒙古2015 | B46: =-CO2排放量!K59*100 -> -75379.994 | C46: =就业人口!K59 -> 1351 | D46: =资本存量!K59 -> 72671.735 | E46: =能源消耗量!L59 -> 18783.71 | F46: =S46-B46 -> 93211.503 | G46: =C46*C46 -> 1825201 | H46: =D46*D46 -> 5.281181e+09 | I46: =E46*E46 -> 3.5282776e+08 | J46: =C46*D46 -> 98179514 | K46: =C46*E46 -> 25376792 | L46: =D46*E46 -> 1.3650448e+09 | M46: =F46*F46 -> 8.6883843e+09 | N46: =C46*F46 -> 1.2592874e+08 | O46: =D46*F46 -> 6.7738416e+09 | P46: =E46*F46 -> 1.7508578e+09 | Q46: 5 | R46: 5 | S46: =GDP!K59 -> 17831.509 | V46: =-($U$2+$U$4*B46*(-1)+$U$8*C46+$U$10*D46+$U$12*E46+$U$6*S46)/($U$14+$U$16*S46+$U$18*C46+$U$20*D46+$U$22*E46+$U$6*B46*(-1)) -> -1.7161677 | X46: =-10000/V46 -> 5826.9363
A47: 内蒙古2016 | B47: =-CO2排放量!K60*100 -> -75461.517 | C47: =就业人口!K60 -> 1326 | D47: =资本存量!K60 -> 80775.262 | E47: =能源消耗量!L60 -> 19309.66 | F47: =S47-B47 -> 93589.617 | G47: =C47*C47 -> 1758276 | H47: =D47*D47 -> 6.5246429e+09 | I47: =E47*E47 -> 3.7286297e+08 | J47: =C47*D47 -> 1.07108e+08 | K47: =C47*E47 -> 25604609 | L47: =D47*E47 -> 1.5597428e+09 | M47: =F47*F47 -> 8.7590163e+09 | N47: =C47*F47 -> 1.2409983e+08 | O47: =D47*F47 -> 7.5597258e+09 | P47: =E47*F47 -> 1.8071837e+09 | Q47: 5 | R47: 6 | S47: =GDP!K60 -> 18128.1 | V47: =-($U$2+$U$4*B47*(-1)+$U$8*C47+$U$10*D47+$U$12*E47+$U$6*S47)/($U$14+$U$16*S47+$U$18*C47+$U$20*D47+$U$22*E47+$U$6*B47*(-1)) -> -1.6509883 | X47: =-10000/V47 -> 6056.9781
A48: 内蒙古2017 | B48: =-CO2排放量!K61*100 -> -76507.294 | C48: =就业人口!K61 -> 1317 | D48: =资本存量!K61 -> 87033.997 | E48: =能源消耗量!L61 -> 19763.44 | F48: =S48-B48 -> 92603.504 | G48: =C48*C48 -> 1734489 | H48: =D48*D48 -> 7.5749167e+09 | I48: =E48*E48 -> 3.9059356e+08 | J48: =C48*D48 -> 1.1462377e+08 | K48: =C48*E48 -> 26028450 | L48: =D48*E48 -> 1.7200912e+09 | M48: =F48*F48 -> 8.575409e+09 | N48: =C48*F48 -> 1.2195882e+08 | O48: =D48*F48 -> 8.0596532e+09 | P48: =E48*F48 -> 1.8301638e+09 | Q48: 5 | R48: 7 | S48: =GDP!K61 -> 16096.21 | V48: =-($U$2+$U$4*B48*(-1)+$U$8*C48+$U$10*D48+$U$12*E48+$U$6*S48)/($U$14+$U$16*S48+$U$18*C48+$U$20*D48+$U$22*E48+$U$6*B48*(-1)) -> -1.5892716 | X48: =-10000/V48 -> 6292.1906
A49: 内蒙古2018 | B49: =-CO2排放量!K62*100 -> -85757.321 | C49: =就业人口!K62 -> 1304 | D49: =资本存量!K62 -> 88866.302 | E49: =能源消耗量!L62 -> 23068.47 | F49: =S49-B49 -> 101898.12 | G49: =C49*C49 -> 1700416 | H49: =D49*D49 -> 7.8972196e+09 | I49: =E49*E49 -> 5.3215431e+08 | J49: =C49*D49 -> 1.1588166e+08 | K49: =C49*E49 -> 30081285 | L49: =D49*E49 -> 2.0500096e+09 | M49: =F49*F49 -> 1.0383227e+10 | N49: =C49*F49 -> 1.3287515e+08 | O49: =D49*F49 -> 9.0553092e+09 | P49: =E49*F49 -> 2.3506338e+09 | Q49: 5 | R49: 8 | S49: =GDP!K62 -> 16140.8 | V49: =-($U$2+$U$4*B49*(-1)+$U$8*C49+$U$10*D49+$U$12*E49+$U$6*S49)/($U$14+$U$16*S49+$U$18*C49+$U$20*D49+$U$22*E49+$U$6*B49*(-1)) -> -1.4928234 | X49: =-10000/V49 -> 6698.716
A50: 内蒙古2019 | B50: =-CO2排放量!K63*100 -> -97278.728 | C50: =就业人口!K63 -> 1272 | D50: =资本存量!K63 -> 91113.584 | E50: =能源消耗量!L63 -> 25345.57 | F50: =S50-B50 -> 114491.26 | G50: =C50*C50 -> 1617984 | H50: =D50*D50 -> 8.3016851e+09 | I50: =E50*E50 -> 6.4239792e+08 | J50: =C50*D50 -> 1.1589648e+08 | K50: =C50*E50 -> 32239565 | L50: =D50*E50 -> 2.3093257e+09 | M50: =F50*F50 -> 1.3108248e+10 | N50: =C50*F50 -> 1.4563288e+08 | O50: =D50*F50 -> 1.0431709e+10 | P50: =E50*F50 -> 2.9018462e+09 | Q50: 5 | R50: 9 | S50: =GDP!K63 -> 17212.53 | V50: =-($U$2+$U$4*B50*(-1)+$U$8*C50+$U$10*D50+$U$12*E50+$U$6*S50)/($U$14+$U$16*S50+$U$18*C50+$U$20*D50+$U$22*E50+$U$6*B50*(-1)) -> -1.4853495 | X50: =-10000/V50 -> 6732.4222
A51: 内蒙古2020 | B51: =-CO2排放量!K64*100 -> -104666.22 | C51: =就业人口!K64 -> 1242 | D51: =资本存量!K64 -> 92961.893 | E51: =能源消耗量!L64 -> 27133.65 | F51: =S51-B51 -> 122026.04 | G51: =C51*C51 -> 1542564 | H51: =D51*D51 -> 8.6419135e+09 | I51: =E51*E51 -> 7.3623496e+08 | J51: =C51*D51 -> 1.1545867e+08 | K51: =C51*E51 -> 33699993 | L51: =D51*E51 -> 2.5223955e+09 | M51: =F51*F51 -> 1.4890354e+10 | N51: =C51*F51 -> 1.5155634e+08 | O51: =D51*F51 -> 1.1343772e+10 | P51: =E51*F51 -> 3.3110118e+09 | Q51: 5 | R51: 10 | S51: =GDP!K64 -> 17359.82 | V51: =-($U$2+$U$4*B51*(-1)+$U$8*C51+$U$10*D51+$U$12*E51+$U$6*S51)/($U$14+$U$16*S51+$U$18*C51+$U$20*D51+$U$22*E51+$U$6*B51*(-1)) -> -1.4630916 | X51: =-10000/V51 -> 6834.8423
A52: 甘肃2011 | B52: =-CO2排放量!K65*100 -> -16969.415 | C52: =就业人口!K65 -> 1379 | D52: =资本存量!K65 -> 12063.617 | E52: =能源消耗量!L65 -> 6393.69 | F52: =S52-B52 -> 21989.785 | G52: =C52*C52 -> 1901641 | H52: =D52*D52 -> 1.4553086e+08 | I52: =E52*E52 -> 40879272 | J52: =C52*D52 -> 16635728 | K52: =C52*E52 -> 8816898.5 | L52: =D52*E52 -> 77131029 | M52: =F52*F52 -> 4.8355067e+08 | N52: =C52*F52 -> 30323914 | O52: =D52*F52 -> 2.6527636e+08 | P52: =E52*F52 -> 1.4059587e+08 | Q52: 6 | R52: 1 | S52: =GDP!K65 -> 5020.37 | V52: =-($U$2+$U$4*B52*(-1)+$U$8*C52+$U$10*D52+$U$12*E52+$U$6*S52)/($U$14+$U$16*S52+$U$18*C52+$U$20*D52+$U$22*E52+$U$6*B52*(-1)) -> -2.103616 | X52: =-10000/V52 -> 4753.7193
A53: 甘肃2012 | B53: =-CO2排放量!K66*100 -> -17375.378 | C53: =就业人口!K66 -> 1358 | D53: =资本存量!K66 -> 15085.75 | E53: =能源消耗量!L66 -> 6893.76 | F53: =S53-B53 -> 23025.582 | G53: =C53*C53 -> 1844164 | H53: =D53*D53 -> 2.2757985e+08 | I53: =E53*E53 -> 47523927 | J53: =C53*D53 -> 20486448 | K53: =C53*E53 -> 9361726.1 | L53: =D53*E53 -> 1.0399754e+08 | M53: =F53*F53 -> 5.3017742e+08 | N53: =C53*F53 -> 31268740 | O53: =D53*F53 -> 3.4735817e+08 | P53: =E53*F53 -> 1.5873284e+08 | Q53: 6 | R53: 2 | S53: =GDP!K66 -> 5650.204 | V53: =-($U$2+$U$4*B53*(-1)+$U$8*C53+$U$10*D53+$U$12*E53+$U$6*S53)/($U$14+$U$16*S53+$U$18*C53+$U$20*D53+$U$22*E53+$U$6*B53*(-1)) -> -2.0171839 | X53: =-10000/V53 -> 4957.4062
A54: 甘肃2013 | B54: =-CO2排放量!K67*100 -> -18146.649 | C54: =就业人口!K67 -> 1352 | D54: =资本存量!K67 -> 18678.048 | E54: =能源消耗量!L67 -> 7286.72 | F54: =S54-B54 -> 24477.341 | G54: =C54*C54 -> 1827904 | H54: =D54*D54 -> 3.4886948e+08 | I54: =E54*E54 -> 53096288 | J54: =C54*D54 -> 25252721 | K54: =C54*E54 -> 9851645.4 | L54: =D54*E54 -> 1.3610171e+08 | M54: =F54*F54 -> 5.9914024e+08 | N54: =C54*F54 -> 33093365 | O54: =D54*F54 -> 4.5718896e+08 | P54: =E54*F54 -> 1.7835953e+08 | Q54: 6 | R54: 3 | S54: =GDP!K67 -> 6330.6923 | V54: =-($U$2+$U$4*B54*(-1)+$U$8*C54+$U$10*D54+$U$12*E54+$U$6*S54)/($U$14+$U$16*S54+$U$18*C54+$U$20*D54+$U$22*E54+$U$6*B54*(-1)) -> -1.96574 | X54: =-10000/V54 -> 5087.1426
A55: 甘肃2014 | B55: =-CO2排放量!K68*100 -> -18046.855 | C55: =就业人口!K68 -> 1348 | D55: =资本存量!K68 -> 23292.155 | E55: =能源消耗量!L68 -> 7521.45 | F55: =S55-B55 -> 24883.676 | G55: =C55*C55 -> 1817104 | H55: =D55*D55 -> 5.425245e+08 | I55: =E55*E55 -> 56572210 | J55: =C55*D55 -> 31397825 | K55: =C55*E55 -> 10138915 | L55: =D55*E55 -> 1.7519078e+08 | M55: =F55*F55 -> 6.1919733e+08 | N55: =C55*F55 -> 33543195 | O55: =D55*F55 -> 5.7959445e+08 | P55: =E55*F55 -> 1.8716132e+08 | Q55: 6 | R55: 4 | S55: =GDP!K68 -> 6836.8208 | V55: =-($U$2+$U$4*B55*(-1)+$U$8*C55+$U$10*D55+$U$12*E55+$U$6*S55)/($U$14+$U$16*S55+$U$18*C55+$U$20*D55+$U$22*E55+$U$6*B55*(-1)) -> -1.9091799 | X55: =-10000/V55 -> 5237.851
A56: 甘肃2015 | B56: =-CO2排放量!K69*100 -> -17657.53 | C56: =就业人口!K69 -> 1346 | D56: =资本存量!K69 -> 28815.728 | E56: =能源消耗量!L69 -> 7488.5 | F56: =S56-B56 -> 24447.847 | G56: =C56*C56 -> 1811716 | H56: =D56*D56 -> 8.3034621e+08 | I56: =E56*E56 -> 56077632 | J56: =C56*D56 -> 38785971 | K56: =C56*E56 -> 10079521 | L56: =D56*E56 -> 2.1578658e+08 | M56: =F56*F56 -> 5.9769722e+08 | N56: =C56*F56 -> 32906802 | O56: =D56*F56 -> 7.0448252e+08 | P56: =E56*F56 -> 1.830777e+08 | Q56: 6 | R56: 5 | S56: =GDP!K69 -> 6790.3169 | V56: =-($U$2+$U$4*B56*(-1)+$U$8*C56+$U$10*D56+$U$12*E56+$U$6*S56)/($U$14+$U$16*S56+$U$18*C56+$U$20*D56+$U$22*E56+$U$6*B56*(-1)) -> -1.8707096 | X56: =-10000/V56 -> 5345.5651
A57: 甘肃2016 | B57: =-CO2排放量!K70*100 -> -16971.653 | C57: =就业人口!K70 -> 1341 | D57: =资本存量!K70 -> 34676.019 | E57: =能源消耗量!L70 -> 7299.93 | F57: =S57-B57 -> 24172.023 | G57: =C57*C57 -> 1798281 | H57: =D57*D57 -> 1.2024263e+09 | I57: =E57*E57 -> 53288978 | J57: =C57*D57 -> 46500541 | K57: =C57*E57 -> 9789206.1 | L57: =D57*E57 -> 2.5313251e+08 | M57: =F57*F57 -> 5.8428669e+08 | N57: =C57*F57 -> 32414683 | O57: =D57*F57 -> 8.3818952e+08 | P57: =E57*F57 -> 1.7645408e+08 | Q57: 6 | R57: 6 | S57: =GDP!K70 -> 7200.37 | V57: =-($U$2+$U$4*B57*(-1)+$U$8*C57+$U$10*D57+$U$12*E57+$U$6*S57)/($U$14+$U$16*S57+$U$18*C57+$U$20*D57+$U$22*E57+$U$6*B57*(-1)) -> -1.8588021 | X57: =-10000/V57 -> 5379.809
A58: 甘肃2017 | B58: =-CO2排放量!K71*100 -> -17398.677 | C58: =就业人口!K71 -> 1337 | D58: =资本存量!K71 -> 40881.221 | E58: =能源消耗量!L71 -> 7503.63 | F58: =S58-B58 -> 24858.576 | G58: =C58*C58 -> 1787569 | H58: =D58*D58 -> 1.6712742e+09 | I58: =E58*E58 -> 56304463 | J58: =C58*D58 -> 54658192 | K58: =C58*E58 -> 10032353 | L58: =D58*E58 -> 3.0675755e+08 | M58: =F58*F58 -> 6.179488e+08 | N58: =C58*F58 -> 33235916 | O58: =D58*F58 -> 1.0162489e+09 | P58: =E58*F58 -> 1.8652956e+08 | Q58: 6 | R58: 7 | S58: =GDP!K71 -> 7459.8995 | V58: =-($U$2+$U$4*B58*(-1)+$U$8*C58+$U$10*D58+$U$12*E58+$U$6*S58)/($U$14+$U$16*S58+$U$18*C58+$U$20*D58+$U$22*E58+$U$6*B58*(-1)) -> -1.8156755 | X58: =-10000/V58 -> 5507.5921
A59: 甘肃2018 | B59: =-CO2排放量!K72*100 -> -18249.649 | C59: =就业人口!K72 -> 1337 | D59: =资本存量!K72 -> 46118.894 | E59: =能源消耗量!L72 -> 7822.54 | F59: =S59-B59 -> 26353.719 | G59: =C59*C59 -> 1787569 | H59: =D59*D59 -> 2.1269524e+09 | I59: =E59*E59 -> 61192132 | J59: =C59*D59 -> 61660961 | K59: =C59*E59 -> 10458736 | L59: =D59*E59 -> 3.6076689e+08 | M59: =F59*F59 -> 6.9451848e+08 | N59: =C59*F59 -> 35234922 | O59: =D59*F59 -> 1.2154043e+09 | P59: =E59*F59 -> 2.0615302e+08 | Q59: 6 | R59: 8 | S59: =GDP!K72 -> 8104.07 | V59: =-($U$2+$U$4*B59*(-1)+$U$8*C59+$U$10*D59+$U$12*E59+$U$6*S59)/($U$14+$U$16*S59+$U$18*C59+$U$20*D59+$U$22*E59+$U$6*B59*(-1)) -> -1.7829558 | X59: =-10000/V59 -> 5608.6641
A60: 甘肃2019 | B60: =-CO2排放量!K73*100 -> -18544.138 | C60: =就业人口!K73 -> 1333 | D60: =资本存量!K73 -> 51454.795 | E60: =能源消耗量!L73 -> 7818.02 | F60: =S60-B60 -> 27262.438 | G60: =C60*C60 -> 1776889 | H60: =D60*D60 -> 2.6475959e+09 | I60: =E60*E60 -> 61121437 | J60: =C60*D60 -> 68589242 | K60: =C60*E60 -> 10421421 | L60: =D60*E60 -> 4.0227462e+08 | M60: =F60*F60 -> 7.4324051e+08 | N60: =C60*F60 -> 36340829 | O60: =D60*F60 -> 1.4027831e+09 | P60: =E60*F60 -> 2.1313828e+08 | Q60: 6 | R60: 9 | S60: =GDP!K73 -> 8718.3 | V60: =-($U$2+$U$4*B60*(-1)+$U$8*C60+$U$10*D60+$U$12*E60+$U$6*S60)/($U$14+$U$16*S60+$U$18*C60+$U$20*D60+$U$22*E60+$U$6*B60*(-1)) -> -1.7775408 | X60: =-10000/V60 -> 5625.7498
A61: 甘肃2020 | B61: =-CO2排放量!K74*100 -> -19598.653 | C61: =就业人口!K74 -> 1331 | D61: =资本存量!K74 -> 57044.87 | E61: =能源消耗量!L74 -> 8104.71 | F61: =S61-B61 -> 28615.353 | G61: =C61*C61 -> 1771561 | H61: =D61*D61 -> 3.2541172e+09 | I61: =E61*E61 -> 65686324 | J61: =C61*D61 -> 75926722 | K61: =C61*E61 -> 10787369 | L61: =D61*E61 -> 4.6233213e+08 | M61: =F61*F61 -> 8.1883841e+08 | N61: =C61*F61 -> 38087034 | O61: =D61*F61 -> 1.6323591e+09 | P61: =E61*F61 -> 2.3191913e+08 | Q61: 6 | R61: 10 | S61: =GDP!K74 -> 9016.7 | V61: =-($U$2+$U$4*B61*(-1)+$U$8*C61+$U$10*D61+$U$12*E61+$U$6*S61)/($U$14+$U$16*S61+$U$18*C61+$U$20*D61+$U$22*E61+$U$6*B61*(-1)) -> -1.7474435 | X61: =-10000/V61 -> 5722.6457
A62: 宁夏2011 | B62: =-CO2排放量!K75*100 -> -19094.823 | C62: =就业人口!K75 -> 478.5 | D62: =资本存量!K75 -> 5189.6943 | E62: =能源消耗量!L75 -> 4719.9 | F62: =S62-B62 -> 21197.033 | G62: =C62*C62 -> 228962.25 | H62: =D62*D62 -> 26932927 | I62: =E62*E62 -> 22277456 | J62: =C62*D62 -> 2483268.7 | K62: =C62*E62 -> 2258472.1 | L62: =D62*E62 -> 24494838 | M62: =F62*F62 -> 4.4931419e+08 | N62: =C62*F62 -> 10142780 | O62: =D62*F62 -> 1.1000612e+08 | P62: =E62*F62 -> 1.0004787e+08 | Q62: 7 | R62: 1 | S62: =GDP!K75 -> 2102.21 | V62: =-($U$2+$U$4*B62*(-1)+$U$8*C62+$U$10*D62+$U$12*E62+$U$6*S62)/($U$14+$U$16*S62+$U$18*C62+$U$20*D62+$U$22*E62+$U$6*B62*(-1)) -> -4.3739266 | X62: =-10000/V62 -> 2286.2752
A63: 宁夏2012 | B63: =-CO2排放量!K76*100 -> -18856.962 | C63: =就业人口!K76 -> 487.9 | D63: =资本存量!K76 -> 6801.0018 | E63: =能源消耗量!L76 -> 4895.2 | F63: =S63-B63 -> 21198.252 | G63: =C63*C63 -> 238046.41 | H63: =D63*D63 -> 46253626 | I63: =E63*E63 -> 23962983 | J63: =C63*D63 -> 3318208.8 | K63: =C63*E63 -> 2388368.1 | L63: =D63*E63 -> 33292264 | M63: =F63*F63 -> 4.4936588e+08 | N63: =C63*F63 -> 10342627 | O63: =D63*F63 -> 1.4416935e+08 | P63: =E63*F63 -> 1.0376968e+08 | Q63: 7 | R63: 2 | S63: =GDP!K76 -> 2341.29 | V63: =-($U$2+$U$4*B63*(-1)+$U$8*C63+$U$10*D63+$U$12*E63+$U$6*S63)/($U$14+$U$16*S63+$U$18*C63+$U$20*D63+$U$22*E63+$U$6*B63*(-1)) -> -3.9059596 | X63: =-10000/V63 -> 2560.1903
A64: 宁夏2013 | B64: =-CO2排放量!K77*100 -> -18775.607 | C64: =就业人口!K77 -> 494 | D64: =资本存量!K77 -> 8829.2486 | E64: =能源消耗量!L77 -> 5186.8 | F64: =S64-B64 -> 21353.177 | G64: =C64*C64 -> 244036 | H64: =D64*D64 -> 77955630 | I64: =E64*E64 -> 26902894 | J64: =C64*D64 -> 4361648.8 | K64: =C64*E64 -> 2562279.2 | L64: =D64*E64 -> 45795546 | M64: =F64*F64 -> 4.5595819e+08 | N64: =C64*F64 -> 10548470 | O64: =D64*F64 -> 1.8853251e+08 | P64: =E64*F64 -> 1.1075466e+08 | Q64: 7 | R64: 3 | S64: =GDP!K77 -> 2577.57 | V64: =-($U$2+$U$4*B64*(-1)+$U$8*C64+$U$10*D64+$U$12*E64+$U$6*S64)/($U$14+$U$16*S64+$U$18*C64+$U$20*D64+$U$22*E64+$U$6*B64*(-1)) -> -3.4338208 | X64: =-10000/V64 -> 2912.2078
A65: 宁夏2014 | B65: =-CO2排放量!K78*100 -> -19521.583 | C65: =就业人口!K78 -> 499.15 | D65: =资本存量!K78 -> 11182.626 | E65: =能源消耗量!L78 -> 5336.2 | F65: =S65-B65 -> 22273.683 | G65: =C65*C65 -> 249150.72 | H65: =D65*D65 -> 1.2505112e+08 | I65: =E65*E65 -> 28475030 | J65: =C65*D65 -> 5581807.6 | K65: =C65*E65 -> 2663564.2 | L65: =D65*E65 -> 59672727 | M65: =F65*F65 -> 4.9611695e+08 | N65: =C65*F65 -> 11117909 | O65: =D65*F65 -> 2.4907826e+08 | P65: =E65*F65 -> 1.1885683e+08 | Q65: 7 | R65: 4 | S65: =GDP!K78 -> 2752.1 | V65: =-($U$2+$U$4*B65*(-1)+$U$8*C65+$U$10*D65+$U$12*E65+$U$6*S65)/($U$14+$U$16*S65+$U$18*C65+$U$20*D65+$U$22*E65+$U$6*B65*(-1)) -> -3.3330381 | X65: =-10000/V65 -> 3000.2657
A66: 宁夏2015 | B66: =-CO2排放量!K79*100 -> -19337.849 | C66: =就业人口!K79 -> 503.1 | D66: =资本存量!K79 -> 13642.02 | E66: =能源消耗量!L79 -> 5711.9 | F66: =S66-B66 -> 22249.619 | G66: =C66*C66 -> 253109.61 | H66: =D66*D66 -> 1.8610472e+08 | I66: =E66*E66 -> 32625802 | J66: =C66*D66 -> 6863300.4 | K66: =C66*E66 -> 2873656.9 | L66: =D66*E66 -> 77921856 | M66: =F66*F66 -> 4.9504555e+08 | N66: =C66*F66 -> 11193783 | O66: =D66*F66 -> 3.0352976e+08 | P66: =E66*F66 -> 1.270876e+08 | Q66: 7 | R66: 5 | S66: =GDP!K79 -> 2911.77 | V66: =-($U$2+$U$4*B66*(-1)+$U$8*C66+$U$10*D66+$U$12*E66+$U$6*S66)/($U$14+$U$16*S66+$U$18*C66+$U$20*D66+$U$22*E66+$U$6*B66*(-1)) -> -2.9250466 | X66: =-10000/V66 -> 3418.7489
A67: 宁夏2016 | B67: =-CO2排放量!K80*100 -> -18971.723 | C67: =就业人口!K80 -> 509.4 | D67: =资本存量!K80 -> 16167.85 | E67: =能源消耗量!L80 -> 5787.5 | F67: =S67-B67 -> 22140.313 | G67: =C67*C67 -> 259488.36 | H67: =D67*D67 -> 2.6139936e+08 | I67: =E67*E67 -> 33495156 | J67: =C67*D67 -> 8235902.6 | K67: =C67*E67 -> 2948152.5 | L67: =D67*E67 -> 93571430 | M67: =F67*F67 -> 4.9019348e+08 | N67: =C67*F67 -> 11278276 | O67: =D67*F67 -> 3.5796126e+08 | P67: =E67*F67 -> 1.2813706e+08 | Q67: 7 | R67: 6 | S67: =GDP!K80 -> 3168.59 | V67: =-($U$2+$U$4*B67*(-1)+$U$8*C67+$U$10*D67+$U$12*E67+$U$6*S67)/($U$14+$U$16*S67+$U$18*C67+$U$20*D67+$U$22*E67+$U$6*B67*(-1)) -> -2.7922069 | X67: =-10000/V67 -> 3581.3965
A68: 宁夏2017 | B68: =-CO2排放量!K81*100 -> -22623.798 | C68: =就业人口!K81 -> 514.4 | D68: =资本存量!K81 -> 18429.115 | E68: =能源消耗量!L81 -> 6798.2 | F68: =S68-B68 -> 26067.358 | G68: =C68*C68 -> 264607.36 | H68: =D68*D68 -> 3.3963228e+08 | I68: =E68*E68 -> 46215523 | J68: =C68*D68 -> 9479936.7 | K68: =C68*E68 -> 3496994.1 | L68: =D68*E68 -> 1.2528481e+08 | M68: =F68*F68 -> 6.7950715e+08 | N68: =C68*F68 -> 13409049 | O68: =D68*F68 -> 4.8039833e+08 | P68: =E68*F68 -> 1.7721111e+08 | Q68: 7 | R68: 7 | S68: =GDP!K81 -> 3443.56 | V68: =-($U$2+$U$4*B68*(-1)+$U$8*C68+$U$10*D68+$U$12*E68+$U$6*S68)/($U$14+$U$16*S68+$U$18*C68+$U$20*D68+$U$22*E68+$U$6*B68*(-1)) -> -2.5618433 | X68: =-10000/V68 -> 3903.4394
A69: 宁夏2018 | B69: =-CO2排放量!K82*100 -> -23593.473 | C69: =就业人口!K82 -> 518.36 | D69: =资本存量!K82 -> 19779.264 | E69: =能源消耗量!L82 -> 7530.2 | F69: =S69-B69 -> 27103.683 | G69: =C69*C69 -> 268697.09 | H69: =D69*D69 -> 3.9121928e+08 | I69: =E69*E69 -> 56703912 | J69: =C69*D69 -> 10252779 | K69: =C69*E69 -> 3903354.5 | L69: =D69*E69 -> 1.4894181e+08 | M69: =F69*F69 -> 7.3460962e+08 | N69: =C69*F69 -> 14049465 | O69: =D69*F69 -> 5.3609089e+08 | P69: =E69*F69 -> 2.0409615e+08 | Q69: 7 | R69: 8 | S69: =GDP!K82 -> 3510.21 | V69: =-($U$2+$U$4*B69*(-1)+$U$8*C69+$U$10*D69+$U$12*E69+$U$6*S69)/($U$14+$U$16*S69+$U$18*C69+$U$20*D69+$U$22*E69+$U$6*B69*(-1)) -> -2.323331 | X69: =-10000/V69 -> 4304.165
A70: 宁夏2019 | B70: =-CO2排放量!K83*100 -> -25189.874 | C70: =就业人口!K83 -> 523.3 | D70: =资本存量!K83 -> 20653.551 | E70: =能源消耗量!L83 -> 8166.7 | F70: =S70-B70 -> 28938.354 | G70: =C70*C70 -> 273842.89 | H70: =D70*D70 -> 4.2656918e+08 | I70: =E70*E70 -> 66694989 | J70: =C70*D70 -> 10808003 | K70: =C70*E70 -> 4273634.1 | L70: =D70*E70 -> 1.6867136e+08 | M70: =F70*F70 -> 8.3742834e+08 | N70: =C70*F70 -> 15143441 | O70: =D70*F70 -> 5.9767978e+08 | P70: =E70*F70 -> 2.3633086e+08 | Q70: 7 | R70: 9 | S70: =GDP!K83 -> 3748.48 | V70: =-($U$2+$U$4*B70*(-1)+$U$8*C70+$U$10*D70+$U$12*E70+$U$6*S70)/($U$14+$U$16*S70+$U$18*C70+$U$20*D70+$U$22*E70+$U$6*B70*(-1)) -> -2.213092 | X70: =-10000/V70 -> 4518.565
A71: 宁夏2020 | B71: =-CO2排放量!K84*100 -> -25951.291 | C71: =就业人口!K84 -> 559.1 | D71: =资本存量!K84 -> 21577.016 | E71: =能源消耗量!L84 -> 8581.8 | F71: =S71-B71 -> 29871.841 | G71: =C71*C71 -> 312592.81 | H71: =D71*D71 -> 4.655676e+08 | I71: =E71*E71 -> 73647291 | J71: =C71*D71 -> 12063709 | K71: =C71*E71 -> 4798084.4 | L71: =D71*E71 -> 1.8516963e+08 | M71: =F71*F71 -> 8.9232689e+08 | N71: =C71*F71 -> 16701346 | O71: =D71*F71 -> 6.4454518e+08 | P71: =E71*F71 -> 2.5635417e+08 | Q71: 7 | R71: 10 | S71: =GDP!K84 -> 3920.55 | V71: =-($U$2+$U$4*B71*(-1)+$U$8*C71+$U$10*D71+$U$12*E71+$U$6*S71)/($U$14+$U$16*S71+$U$18*C71+$U$20*D71+$U$22*E71+$U$6*B71*(-1)) -> -2.1236617 | X71: =-10000/V71 -> 4708.8479
A72: 新疆2011 | B72: =-CO2排放量!K85*100 -> -28631.11 | C72: =就业人口!K85 -> 1246.12 | D72: =资本存量!K85 -> 14155.506 | E72: =能源消耗量!L85 -> 9474.5 | F72: =S72-B72 -> 35241.16 | G72: =C72*C72 -> 1552815.1 | H72: =D72*D72 -> 2.0037834e+08 | I72: =E72*E72 -> 89766150 | J72: =C72*D72 -> 17639459 | K72: =C72*E72 -> 11806364 | L72: =D72*E72 -> 1.3411634e+08 | M72: =F72*F72 -> 1.2419393e+09 | N72: =C72*F72 -> 43914714 | O72: =D72*F72 -> 4.9885644e+08 | P72: =E72*F72 -> 3.3389237e+08 | Q72: 8 | R72: 1 | S72: =GDP!K85 -> 6610.05 | V72: =-($U$2+$U$4*B72*(-1)+$U$8*C72+$U$10*D72+$U$12*E72+$U$6*S72)/($U$14+$U$16*S72+$U$18*C72+$U$20*D72+$U$22*E72+$U$6*B72*(-1)) -> -1.9656128 | X72: =-10000/V72 -> 5087.4719
A73: 新疆2012 | B73: =-CO2排放量!K86*100 -> -33344.08 | C73: =就业人口!K86 -> 1257.85 | D73: =资本存量!K86 -> 18955.357 | E73: =能源消耗量!L86 -> 11293.7 | F73: =S73-B73 -> 40849.39 | G73: =C73*C73 -> 1582186.6 | H73: =D73*D73 -> 3.5930556e+08 | I73: =E73*E73 -> 1.2754766e+08 | J73: =C73*D73 -> 23842996 | K73: =C73*E73 -> 14205781 | L73: =D73*E73 -> 2.1407612e+08 | M73: =F73*F73 -> 1.6686727e+09 | N73: =C73*F73 -> 51382405 | O73: =D73*F73 -> 7.7431477e+08 | P73: =E73*F73 -> 4.6134076e+08 | Q73: 8 | R73: 2 | S73: =GDP!K86 -> 7505.31 | V73: =-($U$2+$U$4*B73*(-1)+$U$8*C73+$U$10*D73+$U$12*E73+$U$6*S73)/($U$14+$U$16*S73+$U$18*C73+$U$20*D73+$U$22*E73+$U$6*B73*(-1)) -> -1.808564 | X73: =-10000/V73 -> 5529.2485
A74: 新疆2013 | B74: =-CO2排放量!K87*100 -> -33633.677 | C74: =就业人口!K87 -> 1271.9 | D74: =资本存量!K87 -> 24867.947 | E74: =能源消耗量!L87 -> 13631.8 | F74: =S74-B74 -> 42077.517 | G74: =C74*C74 -> 1617729.6 | H74: =D74*D74 -> 6.1841479e+08 | I74: =E74*E74 -> 1.8582597e+08 | J74: =C74*D74 -> 31629542 | K74: =C74*E74 -> 17338286 | L74: =D74*E74 -> 3.3899488e+08 | M74: =F74*F74 -> 1.7705174e+09 | N74: =C74*F74 -> 53518394 | O74: =D74*F74 -> 1.0463815e+09 | P74: =E74*F74 -> 5.735923e+08 | Q74: 8 | R74: 3 | S74: =GDP!K87 -> 8443.84 | V74: =-($U$2+$U$4*B74*(-1)+$U$8*C74+$U$10*D74+$U$12*E74+$U$6*S74)/($U$14+$U$16*S74+$U$18*C74+$U$20*D74+$U$22*E74+$U$6*B74*(-1)) -> -1.5936809 | X74: =-10000/V74 -> 6274.7818
A75: 新疆2014 | B75: =-CO2排放量!K88*100 -> -36625.967 | C75: =就业人口!K88 -> 1276.21 | D75: =资本存量!K88 -> 31928.366 | E75: =能源消耗量!L88 -> 14926.1 | F75: =S75-B75 -> 45899.427 | G75: =C75*C75 -> 1628712 | H75: =D75*D75 -> 1.0194206e+09 | I75: =E75*E75 -> 2.2278846e+08 | J75: =C75*D75 -> 40747300 | K75: =C75*E75 -> 19048838 | L75: =D75*E75 -> 4.7656599e+08 | M75: =F75*F75 -> 2.1067574e+09 | N75: =C75*F75 -> 58577307 | O75: =D75*F75 -> 1.4654937e+09 | P75: =E75*F75 -> 6.8509943e+08 | Q75: 8 | R75: 4 | S75: =GDP!K88 -> 9273.46 | V75: =-($U$2+$U$4*B75*(-1)+$U$8*C75+$U$10*D75+$U$12*E75+$U$6*S75)/($U$14+$U$16*S75+$U$18*C75+$U$20*D75+$U$22*E75+$U$6*B75*(-1)) -> -1.5379147 | X75: =-10000/V75 -> 6502.311
A76: 新疆2015 | B76: =-CO2排放量!K89*100 -> -37909.18 | C76: =就业人口!K89 -> 1305.42 | D76: =资本存量!K89 -> 39676.274 | E76: =能源消耗量!L89 -> 15666.1 | F76: =S76-B76 -> 47233.98 | G76: =C76*C76 -> 1704121.4 | H76: =D76*D76 -> 1.5742067e+09 | I76: =E76*E76 -> 2.4542669e+08 | J76: =C76*D76 -> 51794201 | K76: =C76*E76 -> 20450840 | L76: =D76*E76 -> 6.2157247e+08 | M76: =F76*F76 -> 2.2310489e+09 | N76: =C76*F76 -> 61660182 | O76: =D76*F76 -> 1.8740683e+09 | P76: =E76*F76 -> 7.3997225e+08 | Q76: 8 | R76: 5 | S76: =GDP!K89 -> 9324.8 | V76: =-($U$2+$U$4*B76*(-1)+$U$8*C76+$U$10*D76+$U$12*E76+$U$6*S76)/($U$14+$U$16*S76+$U$18*C76+$U$20*D76+$U$22*E76+$U$6*B76*(-1)) -> -1.4945763 | X76: =-10000/V76 -> 6690.8594
A77: 新疆2016 | B77: =-CO2排放量!K90*100 -> -41085.326 | C77: =就业人口!K90 -> 1332.66 | D77: =资本存量!K90 -> 46154.881 | E77: =能源消耗量!L90 -> 16302.2 | F77: =S77-B77 -> 50735.026 | G77: =C77*C77 -> 1775982.7 | H77: =D77*D77 -> 2.1302731e+09 | I77: =E77*E77 -> 2.6576172e+08 | J77: =C77*D77 -> 61508764 | K77: =C77*E77 -> 21725290 | L77: =D77*E77 -> 7.524261e+08 | M77: =F77*F77 -> 2.5740429e+09 | N77: =C77*F77 -> 67612540 | O77: =D77*F77 -> 2.3416691e+09 | P77: =E77*F77 -> 8.2709255e+08 | Q77: 8 | R77: 6 | S77: =GDP!K90 -> 9649.7 | V77: =-($U$2+$U$4*B77*(-1)+$U$8*C77+$U$10*D77+$U$12*E77+$U$6*S77)/($U$14+$U$16*S77+$U$18*C77+$U$20*D77+$U$22*E77+$U$6*B77*(-1)) -> -1.4794057 | X77: =-10000/V77 -> 6759.4709
A78: 新疆2017 | B78: =-CO2排放量!K91*100 -> -45226.484 | C78: =就业人口!K91 -> 1349.79 | D78: =资本存量!K91 -> 53813.13 | E78: =能源消耗量!L91 -> 17386.3 | F78: =S78-B78 -> 56108.444 | G78: =C78*C78 -> 1821933 | H78: =D78*D78 -> 2.895853e+09 | I78: =E78*E78 -> 3.0228343e+08 | J78: =C78*D78 -> 72636425 | K78: =C78*E78 -> 23467854 | L78: =D78*E78 -> 9.3561123e+08 | M78: =F78*F78 -> 3.1481575e+09 | N78: =C78*F78 -> 75734616 | O78: =D78*F78 -> 3.019371e+09 | P78: =E78*F78 -> 9.7551824e+08 | Q78: 8 | R78: 7 | S78: =GDP!K91 -> 10881.96 | V78: =-($U$2+$U$4*B78*(-1)+$U$8*C78+$U$10*D78+$U$12*E78+$U$6*S78)/($U$14+$U$16*S78+$U$18*C78+$U$20*D78+$U$22*E78+$U$6*B78*(-1)) -> -1.4587572 | X78: =-10000/V78 -> 6855.1506
A79: 新疆2018 | B79: =-CO2排放量!K92*100 -> -48094.605 | C79: =就业人口!K92 -> 1343.95 | D79: =资本存量!K92 -> 58236.158 | E79: =能源消耗量!L92 -> 17694 | F79: =S79-B79 -> 60903.995 | G79: =C79*C79 -> 1806201.6 | H79: =D79*D79 -> 3.3914501e+09 | I79: =E79*E79 -> 313077636 | J79: =C79*D79 -> 78266484 | K79: =C79*E79 -> 23779851 | L79: =D79*E79 -> 1.0304306e+09 | M79: =F79*F79 -> 3.7092967e+09 | N79: =C79*F79 -> 81851925 | O79: =D79*F79 -> 3.5468147e+09 | P79: =E79*F79 -> 1.0776353e+09 | Q79: 8 | R79: 8 | S79: =GDP!K92 -> 12809.39 | V79: =-($U$2+$U$4*B79*(-1)+$U$8*C79+$U$10*D79+$U$12*E79+$U$6*S79)/($U$14+$U$16*S79+$U$18*C79+$U$20*D79+$U$22*E79+$U$6*B79*(-1)) -> -1.4727099 | X79: =-10000/V79 -> 6790.2034
A80: 新疆2019 | B80: =-CO2排放量!K93*100 -> -51930.517 | C80: =就业人口!K93 -> 1355.06 | D80: =资本存量!K93 -> 63004.579 | E80: =能源消耗量!L93 -> 18489.8 | F80: =S80-B80 -> 65527.627 | G80: =C80*C80 -> 1836187.6 | H80: =D80*D80 -> 3.9695769e+09 | I80: =E80*E80 -> 3.418727e+08 | J80: =C80*D80 -> 85374984 | K80: =C80*E80 -> 25054788 | L80: =D80*E80 -> 1.1649421e+09 | M80: =F80*F80 -> 4.2938698e+09 | N80: =C80*F80 -> 88793866 | O80: =D80*F80 -> 4.1285405e+09 | P80: =E80*F80 -> 1.2115927e+09 | Q80: 8 | R80: 9 | S80: =GDP!K93 -> 13597.11 | V80: =-($U$2+$U$4*B80*(-1)+$U$8*C80+$U$10*D80+$U$12*E80+$U$6*S80)/($U$14+$U$16*S80+$U$18*C80+$U$20*D80+$U$22*E80+$U$6*B80*(-1)) -> -1.463863 | X80: =-10000/V80 -> 6831.2406
A81: 新疆2020 | B81: =-CO2排放量!K94*100 -> -55546.735 | C81: =就业人口!K94 -> 1369.07 | D81: =资本存量!K94 -> 69449.204 | E81: =能源消耗量!L94 -> 18981.8 | F81: =S81-B81 -> 69344.315 | G81: =C81*C81 -> 1874352.7 | H81: =D81*D81 -> 4.8231919e+09 | I81: =E81*E81 -> 3.6030873e+08 | J81: =C81*D81 -> 95080822 | K81: =C81*E81 -> 25987413 | L81: =D81*E81 -> 1.3182709e+09 | M81: =F81*F81 -> 4.808634e+09 | N81: =C81*F81 -> 94937221 | O81: =D81*F81 -> 4.8159075e+09 | P81: =E81*F81 -> 1.3162799e+09 | Q81: 8 | R81: 10 | S81: =GDP!K94 -> 13797.58 | V81: =-($U$2+$U$4*B81*(-1)+$U$8*C81+$U$10*D81+$U$12*E81+$U$6*S81)/($U$14+$U$16*S81+$U$18*C81+$U$20*D81+$U$22*E81+$U$6*B81*(-1)) -> -1.4590408 | X81: =-10000/V81 -> 6853.8182

Sheet Sheet1
B1: b1 | C1: x1 | D1: x2 | E1: x3 | F1: y1+b1 | G1: x1*x1 | H1: x2*x2 | I1: x3*x3 | J1: x1*x2 | K1: x1*x3 | L1: x2*x3 | M1: (y1+b1)^2 | N1: x1*(y1+b1) | O1: x2*(y1+b1) | P1: x3*(y1+b1)
B2: =-LN(-'用于回归的形式 (2)'!B2) -> -9.7445092 | C2: =LN('用于回归的形式 (2)'!C2) -> 7.0069941 | D2: =LN('用于回归的形式 (2)'!D2) -> 10.240897 | E2: =LN('用于回归的形式 (2)'!E2) -> 9.2580909 | F2: =S2-B2 -> 19.60695 | G2: =C2*C2 -> 49.097966 | H2: =D2*D2 -> 104.87597 | I2: =E2*E2 -> 85.712248 | J2: =C2*D2 -> 71.757905 | K2: =C2*E2 -> 64.871389 | L2: =D2*E2 -> 94.811156 | M2: =F2*F2 -> 384.4325 | N2: =C2*F2 -> 137.38578 | O2: =D2*F2 -> 200.79276 | P2: =E2*F2 -> 181.52293 | S2: =LN('用于回归的形式 (2)'!S2) -> 9.8624411
B3: =-LN(-'用于回归的形式 (2)'!B3) -> -9.7322289 | C3: =LN('用于回归的形式 (2)'!C3) -> 7.017058 | D3: =LN('用于回归的形式 (2)'!D3) -> 10.328432 | E3: =LN('用于回归的形式 (2)'!E3) -> 9.2660589 | F3: =S3-B3 -> 19.644761 | G3: =C3*C3 -> 49.239103 | H3: =D3*D3 -> 106.67651 | I3: =E3*E3 -> 85.859847 | J3: =C3*D3 -> 72.475208 | K3: =C3*E3 -> 65.020473 | L3: =D3*E3 -> 95.703861 | M3: =F3*F3 -> 385.91665 | N3: =C3*F3 -> 137.84843 | O3: =D3*F3 -> 202.89959 | P3: =E3*F3 -> 182.02952 | S3: =LN('用于回归的形式 (2)'!S3) -> 9.9125325
B4: =-LN(-'用于回归的形式 (2)'!B4) -> -9.8079834 | C4: =LN('用于回归的形式 (2)'!C4) -> 7.0364563 | D4: =LN('用于回归的形式 (2)'!D4) -> 10.41335 | E4: =LN('用于回归的形式 (2)'!E4) -> 9.295636 | F4: =S4-B4 -> 19.798481 | G4: =C4*C4 -> 49.511717 | H4: =D4*D4 -> 108.43787 | I4: =E4*E4 -> 86.408849 | J4: =C4*D4 -> 73.273084 | K4: =C4*E4 -> 65.408336 | L4: =D4*E4 -> 96.798715 | M4: =F4*F4 -> 391.97985 | N4: =C4*F4 -> 139.31115 | O4: =D4*F4 -> 206.16852 | P4: =E4*F4 -> 184.03947 | S4: =LN('用于回归的形式 (2)'!S4) -> 9.9904975
B5: =-LN(-'用于回归的形式 (2)'!B5) -> -9.6585237 | C5: =LN('用于回归的形式 (2)'!C5) -> 7.2193711 | D5: =LN('用于回归的形式 (2)'!D5) -> 10.494623 | E5: =LN('用于回归的形式 (2)'!E5) -> 9.2723626 | F5: =S5-B5 -> 19.726156 | G5: =C5*C5 -> 52.11932 | H5: =D5*D5 -> 110.13712 | I5: =E5*E5 -> 85.976708 | J5: =C5*D5 -> 75.764579 | K5: =C5*E5 -> 66.940627 | L5: =D5*E5 -> 97.309951 | M5: =F5*F5 -> 389.12123 | N5: =C5*F5 -> 142.41044 | O5: =D5*F5 -> 207.01857 | P5: =E5*F5 -> 182.90807 | S5: =LN('用于回归的形式 (2)'!S5) -> 10.067632
B6: =-LN(-'用于回归的形式 (2)'!B6) -> -9.6905844 | C6: =LN('用于回归的形式 (2)'!C6) -> 7.2163497 | D6: =LN('用于回归的形式 (2)'!D6) -> 10.571467 | E6: =LN('用于回归的形式 (2)'!E6) -> 9.2993151 | F6: =S6-B6 -> 19.822141 | G6: =C6*C6 -> 52.075702 | H6: =D6*D6 -> 111.75592 | I6: =E6*E6 -> 86.477261 | J6: =C6*D6 -> 76.287405 | K6: =C6*E6 -> 67.107109 | L6: =D6*E6 -> 98.307406 | M6: =F6*F6 -> 392.91729 | N6: =C6*F6 -> 143.0435 | O6: =D6*F6 -> 209.54912 | P6: =E6*F6 -> 184.33234 | S6: =LN('用于回归的形式 (2)'!S6) -> 10.131557
B7: =-LN(-'用于回归的形式 (2)'!B7) -> -9.6691897 | C7: =LN('用于回归的形式 (2)'!C7) -> 7.2190855 | D7: =LN('用于回归的形式 (2)'!D7) -> 10.645834 | E7: =LN('用于回归的形式 (2)'!E7) -> 9.327388 | F7: =S7-B7 -> 19.91551 | G7: =C7*C7 -> 52.115196 | H7: =D7*D7 -> 113.33378 | I7: =E7*E7 -> 87.000167 | J7: =C7*D7 -> 76.853186 | K7: =C7*E7 -> 67.335212 | L7: =D7*E7 -> 99.297825 | M7: =F7*F7 -> 396.62752 | N7: =C7*F7 -> 143.77177 | O7: =D7*F7 -> 212.01721 | P7: =E7*F7 -> 185.75969 | S7: =LN('用于回归的形式 (2)'!S7) -> 10.24632
B8: =-LN(-'用于回归的形式 (2)'!B8) -> -9.6587248 | C8: =LN('用于回归的形式 (2)'!C8) -> 7.2244985 | D8: =LN('用于回归的形式 (2)'!D8) -> 10.719519 | E8: =LN('用于回归的形式 (2)'!E8) -> 9.3397753 | F8: =S8-B8 -> 19.988558 | G8: =C8*C8 -> 52.193378 | H8: =D8*D8 -> 114.90809 | I8: =E8*E8 -> 87.231402 | J8: =C8*D8 -> 77.443148 | K8: =C8*E8 -> 67.475192 | L8: =D8*E8 -> 100.1179 | M8: =F8*F8 -> 399.54244 | N8: =C8*F8 -> 144.4073 | O8: =D8*F8 -> 214.26772 | P8: =E8*F8 -> 186.68864 | S8: =LN('用于回归的形式 (2)'!S8) -> 10.329833
B9: =-LN(-'用于回归的形式 (2)'!B9) -> -9.6255873 | C9: =LN('用于回归的形式 (2)'!C9) -> 7.2266889 | D9: =LN('用于回归的形式 (2)'!D9) -> 10.789555 | E9: =LN('用于回归的形式 (2)'!E9) -> 9.3460707 | F9: =S9-B9 -> 20.11719 | G9: =C9*C9 -> 52.225032 | H9: =D9*D9 -> 116.41451 | I9: =E9*E9 -> 87.349038 | J9: =C9*D9 -> 77.972761 | K9: =C9*E9 -> 67.541145 | L9: =D9*E9 -> 100.83995 | M9: =F9*F9 -> 404.70133 | N9: =C9*F9 -> 145.38067 | O9: =D9*F9 -> 217.05554 | P9: =E9*F9 -> 188.01668 | S9: =LN('用于回归的形式 (2)'!S9) -> 10.491602
B10: =-LN(-'用于回归的形式 (2)'!B10) -> -9.6771972 | C10: =LN('用于回归的形式 (2)'!C10) -> 7.2270814 | D10: =LN('用于回归的形式 (2)'!D10) -> 10.85643 | E10: =LN('用于回归的形式 (2)'!E10) -> 9.3670415 | F10: =S10-B10 -> 20.226618 | G10: =C10*C10 -> 52.230705 | H10: =D10*D10 -> 117.86207 | I10: =E10*E10 -> 87.741467 | J10: =C10*D10 -> 78.460303 | K10: =C10*E10 -> 67.696371 | L10: =D10*E10 -> 101.69263 | M10: =F10*F10 -> 409.11606 | N10: =C10*F10 -> 146.17941 | O10: =D10*F10 -> 219.58886 | P10: =E10*F10 -> 189.46357 | S10: =LN('用于回归的形式 (2)'!S10) -> 10.54942
B11: =-LN(-'用于回归的形式 (2)'!B11) -> -9.6461852 | C11: =LN('用于回归的形式 (2)'!C11) -> 7.2254815 | D11: =LN('用于回归的形式 (2)'!D11) -> 10.928182 | E11: =LN('用于回归的形式 (2)'!E11) -> 9.3146634 | F11: =S11-B11 -> 20.209795 | G11: =C11*C11 -> 52.207583 | H11: =D11*D11 -> 119.42516 | I11: =E11*E11 -> 86.762955 | J11: =C11*D11 -> 78.961375 | K11: =C11*E11 -> 67.302928 | L11: =D11*E11 -> 101.79234 | M11: =F11*F11 -> 408.43582 | N11: =C11*F11 -> 146.0255 | O11: =D11*F11 -> 220.85631 | P11: =E11*F11 -> 188.24744 | S11: =LN('用于回归的形式 (2)'!S11) -> 10.56361
B12: =-LN(-'用于回归的形式 (2)'!B12) -> -11.023711 | C12: =LN('用于回归的形式 (2)'!C12) -> 8.467631 | D12: =LN('用于回归的形式 (2)'!D12) -> 11.362344 | E12: =LN('用于回归的形式 (2)'!E12) -> 10.225171 | F12: =S12-B12 -> 21.825535 | G12: =C12*C12 -> 71.700775 | H12: =D12*D12 -> 129.10287 | I12: =E12*E12 -> 104.55413 | J12: =C12*D12 -> 96.21214 | K12: =C12*E12 -> 86.582978 | L12: =D12*E12 -> 116.18192 | M12: =F12*F12 -> 476.35396 | N12: =C12*F12 -> 184.81057 | O12: =D12*F12 -> 247.98924 | P12: =E12*F12 -> 223.16983 | S12: =LN('用于回归的形式 (2)'!S12) -> 10.801823
B13: =-LN(-'用于回归的形式 (2)'!B13) -> -11.034871 | C13: =LN('用于回归的形式 (2)'!C13) -> 8.4679042 | D13: =LN('用于回归的形式 (2)'!D13) -> 11.6034 | E13: =LN('用于回归的形式 (2)'!E13) -> 10.26986 | F13: =S13-B13 -> 21.932688 | G13: =C13*C13 -> 71.705402 | H13: =D13*D13 -> 134.6389 | I13: =E13*E13 -> 105.47002 | J13: =C13*D13 -> 98.256481 | K13: =C13*E13 -> 86.964188 | L13: =D13*E13 -> 119.16529 | M13: =F13*F13 -> 481.04281 | N13: =C13*F13 -> 185.7239 | O13: =D13*F13 -> 254.49376 | P13: =E13*F13 -> 225.24563 | S13: =LN('用于回归的形式 (2)'!S13) -> 10.897817
... B81: =-LN(-'用于回归的形式 (2)'!B81) -> -10.92498 | C81: =LN('用于回归的形式 (2)'!C81) -> 7.221887 | D81: =LN('用于回归的形式 (2)'!D81) -> 11.148351 | E81: =LN('用于回归的形式 (2)'!E81) -> 9.8512359 | F81: =S81-B81 -> 20.457229 | G81: =C81*C81 -> 52.155651 | H81: =D81*D81 -> 124.28573 | I81: =E81*E81 -> 97.046849 | J81: =C81*D81 -> 80.51213 | K81: =C81*E81 -> 71.144512 | L81: =D81*E81 -> 109.82503 | M81: =F81*F81 -> 418.4982 | N81: =C81*F81 -> 147.73979 | O81: =D81*F81 -> 228.06436 | P81: =E81*F81 -> 201.52898 | S81: =LN('用于回归的形式 (2)'!S81) -> 9.5322485

Sheet 用于回归的形式 (3)
B1: -b1 | C1: x1 | D1: x2 | E1: x3 | F1: y1+b1 | G1: x1*x1 | H1: x2*x2 | I1: x3*x3 | J1: x1*x2 | K1: x1*x3 | L1: x2*x3 | M1: (y1+b1)^2 | N1: x1*(y1+b1) | O1: x2*(y1+b1) | P1: x3*(y1+b1) | Q1: id | R1: time | S1: y1 | U1: 𝛾1 | V1: 影子价格
A2: 上海2011 | B2: =-CO2排放量!K15 -> -170.60296 | C2: =就业人口!K15 -> 1104.33 | D2: =资本存量!K15 -> 28026.256 | E2: =能源消耗量!L15 -> 10489.09 | F2: =S2-B2 -> 19366.293 | G2: =C2*C2 -> 1219544.7 | H2: =D2*D2 -> 7.8547101e+08 | I2: =E2*E2 -> 1.1002101e+08 | J2: =C2*D2 -> 30950235 | K2: =C2*E2 -> 11583417 | L2: =D2*E2 -> 2.9396992e+08 | M2: =F2*F2 -> 3.750533e+08 | N2: =C2*F2 -> 21386778 | O2: =D2*F2 -> 5.4276468e+08 | P2: =E2*F2 -> 2.0313479e+08 | Q2: 1 | R2: 1 | S2: =GDP!K15 -> 19195.69 | U2: =1+U14 -> 0.9074809 | V2: =-($U$2+$U$4*B2*(-1)+$U$8*C2+$U$10*D2+$U$12*E2+$U$6*S2)/($U$14+$U$16*S2+$U$18*C2+$U$20*D2+$U$22*E2+$U$6*B2*(-1)) -> -1.5569766 | X2: =-Y2/Z2*V2 -> 270.69542 | Y2: 28156.607 | Z2: 161.9502
A3: 上海2012 | B3: =-CO2排放量!K16 -> -168.52072 | C3: =就业人口!K16 -> 1115.5 | D3: =资本存量!K16 -> 30590.115 | E3: =能源消耗量!L16 -> 10573 | F3: =S3-B3 -> 20350.241 | G3: =C3*C3 -> 1244340.2 | H3: =D3*D3 -> 9.3575514e+08 | I3: =E3*E3 -> 111788329 | J3: =C3*D3 -> 34123273 | K3: =C3*E3 -> 11794182 | L3: =D3*E3 -> 3.2342929e+08 | M3: =F3*F3 -> 4.141323e+08 | N3: =C3*F3 -> 22700694 | O3: =D3*F3 -> 6.2251621e+08 | P3: =E3*F3 -> 2.151631e+08 | Q3: 1 | R3: 2 | S3: =GDP!K16 -> 20181.72 | U3: 𝛾11 | V3: =-($U$2+$U$4*B3*(-1)+$U$8*C3+$U$10*D3+$U$12*E3+$U$6*S3)/($U$14+$U$16*S3+$U$18*C3+$U$20*D3+$U$22*E3+$U$6*B3*(-1)) -> -1.5548685 | X3: =-Y3/Z3*V3 -> 270.32891 | Y3: 28156.607 | Z3: 161.9502
A4: 上海2013 | B4: =-CO2排放量!K17 -> -181.78292 | C4: =就业人口!K17 -> 1137.35 | D4: =资本存量!K17 -> 33301.254 | E4: =能源消耗量!L17 -> 10890.39 | F4: =S4-B4 -> 21999.933 | G4: =C4*C4 -> 1293565 | H4: =D4*D4 -> 1.1089735e+09 | I4: =E4*E4 -> 1.1860059e+08 | J4: =C4*D4 -> 37875181 | K4: =C4*E4 -> 12386185 | L4: =D4*E4 -> 3.6266364e+08 | M4: =F4*F4 -> 4.8399705e+08 | N4: =C4*F4 -> 25021624 | O4: =D4*F4 -> 7.3262536e+08 | P4: =E4*F4 -> 2.3958785e+08 | Q4: 1 | R4: 3 | S4: =GDP!K17 -> 21818.15 | U4: =U16 -> -3.2e-05 | V4: =-($U$2+$U$4*B4*(-1)+$U$8*C4+$U$10*D4+$U$12*E4+$U$6*S4)/($U$14+$U$16*S4+$U$18*C4+$U$20*D4+$U$22*E4+$U$6*B4*(-1)) -> -1.5447137 | X4: =-Y4/Z4*V4 -> 268.56339 | Y4: 28156.607 | Z4: 161.9502
A5: 上海2014 | B5: =-CO2排放量!K18 -> -156.54657 | C5: =就业人口!K18 -> 1365.63 | D5: =资本存量!K18 -> 36120.764 | E5: =能源消耗量!L18 -> 10639.86 | F5: =S5-B5 -> 23724.242 | G5: =C5*C5 -> 1864945.3 | H5: =D5*D5 -> 1.3047096e+09 | I5: =E5*E5 -> 1.1320662e+08 | J5: =C5*D5 -> 49327599 | K5: =C5*E5 -> 14530112 | L5: =D5*E5 -> 3.8431987e+08 | M5: =F5*F5 -> 5.6283965e+08 | N5: =C5*F5 -> 32398536 | O5: =D5*F5 -> 8.5693774e+08 | P5: =E5*F5 -> 2.5242261e+08 | Q5: 1 | R5: 4 | S5: =GDP!K18 -> 23567.695 | U5: μ11 | V5: =-($U$2+$U$4*B5*(-1)+$U$8*C5+$U$10*D5+$U$12*E5+$U$6*S5)/($U$14+$U$16*S5+$U$18*C5+$U$20*D5+$U$22*E5+$U$6*B5*(-1)) -> -1.5484889 | X5: =-Y5/Z5*V5 -> 269.21976 | Y5: 28156.607 | Z5: 161.9502
A6: 上海2015 | B6: =-CO2排放量!K19 -> -161.64688 | C6: =就业人口!K19 -> 1361.51 | D6: =资本存量!K19 -> 39005.87 | E6: =能源消耗量!L19 -> 10930.53 | F6: =S6-B6 -> 25285.097 | G6: =C6*C6 -> 1853709.5 | H6: =D6*D6 -> 1.5214579e+09 | I6: =E6*E6 -> 1.1947649e+08 | J6: =C6*D6 -> 53106883 | K6: =C6*E6 -> 14882026 | L6: =D6*E6 -> 4.2635484e+08 | M6: =F6*F6 -> 6.3933612e+08 | N6: =C6*F6 -> 34425912 | O6: =D6*F6 -> 9.8626721e+08 | P6: =E6*F6 -> 2.7637951e+08 | Q6: 1 | R6: 5 | S6: =GDP!K19 -> 25123.45 | U6: =U4 -> -3.2e-05 | V6: =-($U$2+$U$4*B6*(-1)+$U$8*C6+$U$10*D6+$U$12*E6+$U$6*S6)/($U$14+$U$16*S6+$U$18*C6+$U$20*D6+$U$22*E6+$U$6*B6*(-1)) -> -1.5410821 | X6: =-Y6/Z6*V6 -> 267.932 | Y6: 28156.607 | Z6: 161.9502
A7: 上海2016 | B7: =-CO2排放量!K20 -> -158.22523 | C7: =就业人口!K20 -> 1365.24 | D7: =资本存量!K20 -> 42017.187 | E7: =能源消耗量!L20 -> 11241.73 | F7: =S7-B7 -> 28336.875 | G7: =C7*C7 -> 1863880.3 | H7: =D7*D7 -> 1.765444e+09 | I7: =E7*E7 -> 1.2637649e+08 | J7: =C7*D7 -> 57363544 | K7: =C7*E7 -> 15347659 | L7: =D7*E7 -> 4.7234587e+08 | M7: =F7*F7 -> 8.029785e+08 | N7: =C7*F7 -> 38686636 | O7: =D7*F7 -> 1.1906358e+09 | P7: =E7*F7 -> 3.185555e+08 | Q7: 1 | R7: 6 | S7: =GDP!K20 -> 28178.65 | U7: η11 | V7: =-($U$2+$U$4*B7*(-1)+$U$8*C7+$U$10*D7+$U$12*E7+$U$6*S7)/($U$14+$U$16*S7+$U$18*C7+$U$20*D7+$U$22*E7+$U$6*B7*(-1)) -> -1.5456896 | X7: =-Y7/Z7*V7 -> 268.73307 | Y7: 28156.607 | Z7: 161.9502
A8: 上海2017 | B8: =-CO2排放量!K21 -> -156.57805 | C8: =就业人口!K21 -> 1372.65 | D8: =资本存量!K21 -> 45230.137 | E8: =能源消耗量!L21 -> 11381.85 | F8: =S8-B8 -> 30789.568 | G8: =C8*C8 -> 1884168 | H8: =D8*D8 -> 2.0457653e+09 | I8: =E8*E8 -> 1.2954651e+08 | J8: =C8*D8 -> 62085147 | K8: =C8*E8 -> 15623296 | L8: =D8*E8 -> 5.1480263e+08 | M8: =F8*F8 -> 9.479975e+08 | N8: =C8*F8 -> 42263301 | O8: =D8*F8 -> 1.3926164e+09 | P8: =E8*F8 -> 3.5044225e+08 | Q8: 1 | R8: 7 | S8: =GDP!K21 -> 30632.99 | U8: =0.0002995 -> 0.0002995 | V8: =-($U$2+$U$4*B8*(-1)+$U$8*C8+$U$10*D8+$U$12*E8+$U$6*S8)/($U$14+$U$16*S8+$U$18*C8+$U$20*D8+$U$22*E8+$U$6*B8*(-1)) -> -1.5535118 | X8: =-Y8/Z8*V8 -> 270.09303 | Y8: 28156.607 | Z8: 161.9502
A9: 上海2018 | B9: =-CO2排放量!K22 -> -151.47448 | C9: =就业人口!K22 -> 1375.66 | D9: =资本存量!K22 -> 48511.467 | E9: =能源消耗量!L22 -> 11453.73 | F9: =S9-B9 -> 36163.294 | G9: =C9*C9 -> 1892440.4 | H9: =D9*D9 -> 2.3533624e+09 | I9: =E9*E9 -> 1.3118793e+08 | J9: =C9*D9 -> 66735285 | K9: =C9*E9 -> 15756438 | L9: =D9*E9 -> 5.5563724e+08 | M9: =F9*F9 -> 1.3077839e+09 | N9: =C9*F9 -> 49748398 | O9: =D9*F9 -> 1.7543345e+09 | P9: =E9*F9 -> 4.1420461e+08 | Q9: 1 | R9: 8 | S9: =GDP!K22 -> 36011.82 | U9: η21 | V9: =-($U$2+$U$4*B9*(-1)+$U$8*C9+$U$10*D9+$U$12*E9+$U$6*S9)/($U$14+$U$16*S9+$U$18*C9+$U$20*D9+$U$22*E9+$U$6*B9*(-1)) -> -1.5974872 | X9: =-Y9/Z9*V9 -> 277.73858 | Y9: 28156.607 | Z9: 161.9502
A10: 上海2019 | B10: =-CO2排放量!K23 -> -159.4973 | C10: =就业人口!K23 -> 1376.2 | D10: =资本存量!K23 -> 51866.584 | E10: =能源消耗量!L23 -> 11696.46 | F10: =S10-B10 -> 38314.817 | G10: =C10*C10 -> 1893926.4 | H10: =D10*D10 -> 2.6901425e+09 | I10: =E10*E10 -> 1.3680718e+08 | J10: =C10*D10 -> 71378793 | K10: =C10*E10 -> 16096668 | L10: =D10*E10 -> 6.0665542e+08 | M10: =F10*F10 -> 1.4680252e+09 | N10: =C10*F10 -> 52728852 | O10: =D10*F10 -> 1.9872587e+09 | P10: =E10*F10 -> 4.4814773e+08 | Q10: 1 | R10: 9 | S10: =GDP!K23 -> 38155.32 | U10: 7.5e-06 | V10: =-($U$2+$U$4*B10*(-1)+$U$8*C10+$U$10*D10+$U$12*E10+$U$6*S10)/($U$14+$U$16*S10+$U$18*C10+$U$20*D10+$U$22*E10+$U$6*B10*(-1)) -> -1.5967783 | X10: =-Y10/Z10*V10 -> 277.61532 | Y10: 28156.607 | Z10: 161.9502
A11: 上海2020 | B11: =-CO2排放量!K24 -> -154.62688 | C11: =就业人口!K24 -> 1374 | D11: =资本存量!K24 -> 55724.868 | E11: =能源消耗量!L24 -> 11099.59 | F11: =S11-B11 -> 38855.207 | G11: =C11*C11 -> 1887876 | H11: =D11*D11 -> 3.1052609e+09 | I11: =E11*E11 -> 1.232009e+08 | J11: =C11*D11 -> 76565969 | K11: =C11*E11 -> 15250837 | L11: =D11*E11 -> 6.1852319e+08 | M11: =F11*F11 -> 1.5097271e+09 | N11: =C11*F11 -> 53387054 | O11: =D11*F11 -> 2.1652013e+09 | P11: =E11*F11 -> 4.3127687e+08 | Q11: 1 | R11: 10 | S11: =GDP!K24 -> 38700.58 | U11: η31 | V11: =-($U$2+$U$4*B11*(-1)+$U$8*C11+$U$10*D11+$U$12*E11+$U$6*S11)/($U$14+$U$16*S11+$U$18*C11+$U$20*D11+$U$22*E11+$U$6*B11*(-1)) -> -1.6350267 | X11: =-Y11/Z11*V11 -> 284.26519 | Y11: 28156.607 | Z11: 161.9502
A12: 江苏2011 | B12: =-CO2排放量!K25 -> -613.10789 | C12: =就业人口!K25 -> 4758.23 | D12: =资本存量!K25 -> 86020.797 | E12: =能源消耗量!L25 -> 27588.97 | F12: =S12-B12 -> 49723.378 | G12: =C12*C12 -> 22640753 | H12: =D12*D12 -> 7.3995775e+09 | I12: =E12*E12 -> 7.6115127e+08 | J12: =C12*D12 -> 4.0930674e+08 | K12: =C12*E12 -> 1.3127466e+08 | L12: =D12*E12 -> 2.3732252e+09 | M12: =F12*F12 -> 2.4724143e+09 | N12: =C12*F12 -> 2.3659527e+08 | O12: =D12*F12 -> 4.2772446e+09 | P12: =E12*F12 -> 1.3718168e+09 | Q12: 2 | R12: 1 | S12: =GDP!K25 -> 49110.27 | U12: 0.0001875 | V12: =-($U$2+$U$4*B12*(-1)+$U$8*C12+$U$10*D12+$U$12*E12+$U$6*S12)/($U$14+$U$16*S12+$U$18*C12+$U$20*D12+$U$22*E12+$U$6*B12*(-1)) -> -1.1798719 | X12: =-Y12/Z12*V12 -> 140.98808 | Y12: 75694.265 | Z12: 633.45454
A13: 江苏2012 | B13: =-CO2排放量!K26 -> -619.98859 | C13: =就业人口!K26 -> 4759.53 | D13: =资本存量!K26 -> 109469.38 | E13: =能源消耗量!L26 -> 28849.84 | F13: =S13-B13 -> 54678.209 | G13: =C13*C13 -> 22653126 | H13: =D13*D13 -> 1.1983545e+10 | I13: =E13*E13 -> 8.3231327e+08 | J13: =C13*D13 -> 5.210228e+08 | K13: =C13*E13 -> 1.3731168e+08 | L13: =D13*E13 -> 3.1581741e+09 | M13: =F13*F13 -> 2.9897065e+09 | N13: =C13*F13 -> 2.6024257e+08 | O13: =D13*F13 -> 5.9855896e+09 | P13: =E13*F13 -> 1.5774576e+09 | Q13: 2 | R13: 2 | S13: =GDP!K26 -> 54058.22 | U13: β1 | V13: =-($U$2+$U$4*B13*(-1)+$U$8*C13+$U$10*D13+$U$12*E13+$U$6*S13)/($U$14+$U$16*S13+$U$18*C13+$U$20*D13+$U$22*E13+$U$6*B13*(-1)) -> -1.1720098 | X13: =-Y13/Z13*V13 -> 140.0486 | Y13: 75694.265 | Z13: 633.45454
A14: 江苏2013 | B14: =-CO2排放量!K27 -> -638.44095 | C14: =就业人口!K27 -> 4759.89 | D14: =资本存量!K27 -> 134942.84 | E14: =能源消耗量!L27 -> 29205.38 | F14: =S14-B14 -> 60391.811 | G14: =C14*C14 -> 22656553 | H14: =D14*D14 -> 1.820957e+10 | I14: =E14*E14 -> 8.5295422e+08 | J14: =C14*D14 -> 6.4231307e+08 | K14: =C14*E14 -> 1.390144e+08 | L14: =D14*E14 -> 3.9410569e+09 | M14: =F14*F14 -> 3.6471708e+09 | N14: =C14*F14 -> 2.8745838e+08 | O14: =D14*F14 -> 8.1494425e+09 | P14: =E14*F14 -> 1.7637658e+09 | Q14: 2 | R14: 3 | S14: =GDP!K27 -> 59753.37 | U14: -0.0925191 | V14: =-($U$2+$U$4*B14*(-1)+$U$8*C14+$U$10*D14+$U$12*E14+$U$6*S14)/($U$14+$U$16*S14+$U$18*C14+$U$20*D14+$U$22*E14+$U$6*B14*(-1)) -> -1.1698194 | X14: =-Y14/Z14*V14 -> 139.78685 | Y14: 75694.265 | Z14: 633.45454
A15: 江苏2014 | B15: =-CO2排放量!K28 -> -621.07117 | C15: =就业人口!K28 -> 4760.83 | D15: =资本存量!K28 -> 163541.08 | E15: =能源消耗量!L28 -> 29863.03 | F15: =S15-B15 -> 65709.391 | G15: =C15*C15 -> 22665502 | H15: =D15*D15 -> 2.6745684e+10 | I15: =E15*E15 -> 8.9180056e+08 | J15: =C15*D15 -> 7.7859127e+08 | K15: =C15*E15 -> 1.4217281e+08 | L15: =D15*E15 -> 4.8838321e+09 | M15: =F15*F15 -> 4.3177241e+09 | N15: =C15*F15 -> 3.1283124e+08 | O15: =D15*F15 -> 1.0746185e+10 | P15: =E15*F15 -> 1.9622815e+09 | Q15: 2 | R15: 4 | S15: =GDP!K28 -> 65088.32 | U15: β11 | V15: =-($U$2+$U$4*B15*(-1)+$U$8*C15+$U$10*D15+$U$12*E15+$U$6*S15)/($U$14+$U$16*S15+$U$18*C15+$U$20*D15+$U$22*E15+$U$6*B15*(-1)) -> -1.1651112 | X15: =-Y15/Z15*V15 -> 139.22425 | Y15: 75694.265 | Z15: 633.45454
A16: 江苏2015 | B16: =-CO2排放量!K29 -> -634.16124 | C16: =就业人口!K29 -> 4758.5 | D16: =资本存量!K29 -> 193746.3 | E16: =能源消耗量!L29 -> 30374.14 | F16: =S16-B16 -> 70750.541 | G16: =C16*C16 -> 22643322 | H16: =D16*D16 -> 3.753763e+10 | I16: =E16*E16 -> 9.2258838e+08 | J16: =C16*D16 -> 9.2194179e+08 | K16: =C16*E16 -> 1.4453535e+08 | L16: =D16*E16 -> 5.8848774e+09 | M16: =F16*F16 -> 5.0056391e+09 | N16: =C16*F16 -> 3.3666645e+08 | O16: =D16*F16 -> 1.3707656e+10 | P16: =E16*F16 -> 2.1489868e+09 | Q16: 2 | R16: 5 | S16: =GDP!K29 -> 70116.38 | U16: -3.2e-05 | V16: =-($U$2+$U$4*B16*(-1)+$U$8*C16+$U$10*D16+$U$12*E16+$U$6*S16)/($U$14+$U$16*S16+$U$18*C16+$U$20*D16+$U$22*E16+$U$6*B16*(-1)) -> -1.1608523 | X16: =-Y16/Z16*V16 -> 138.71534 | Y16: 75694.265 | Z16: 633.45454
A17: 江苏2016 | B17: =-CO2排放量!K30 -> -653.11684 | C17: =就业人口!K30 -> 4756.22 | D17: =资本存量!K30 -> 224517.51 | E17: =能源消耗量!L30 -> 31209.71 | F17: =S17-B17 -> 78041.397 | G17: =C17*C17 -> 22621629 | H17: =D17*D17 -> 5.0408112e+10 | I17: =E17*E17 -> 9.74046e+08 | J17: =C17*D17 -> 1.0678547e+09 | K17: =C17*E17 -> 1.4844025e+08 | L17: =D17*E17 -> 7.0071263e+09 | M17: =F17*F17 -> 6.0904596e+09 | N17: =C17*F17 -> 3.7118205e+08 | O17: =D17*F17 -> 1.752166e+10 | P17: =E17*F17 -> 2.4356494e+09 | Q17: 2 | R17: 6 | S17: =GDP!K30 -> 77388.28 | U17: δ11 | V17: =-($U$2+$U$4*B17*(-1)+$U$8*C17+$U$10*D17+$U$12*E17+$U$6*S17)/($U$14+$U$16*S17+$U$18*C17+$U$20*D17+$U$22*E17+$U$6*B17*(-1)) -> -1.1569773 | X17: =-Y17/Z17*V17 -> 138.2523 | Y17: 75694.265 | Z17: 633.45454
A18: 江苏2017 | B18: =-CO2排放量!K31 -> -645.04872 | C18: =就业人口!K31 -> 4757.8 | D18: =资本存量!K31 -> 255964.04 | E18: =能源消耗量!L31 -> 31602.09 | F18: =S18-B18 -> 86514.809 | G18: =C18*C18 -> 22636661 | H18: =D18*D18 -> 6.5517589e+10 | I18: =E18*E18 -> 9.9869209e+08 | J18: =C18*D18 -> 1.2178257e+09 | K18: =C18*E18 -> 1.5035642e+08 | L18: =D18*E18 -> 8.0889986e+09 | M18: =F18*F18 -> 7.4848121e+09 | N18: =C18*F18 -> 4.1162016e+08 | O18: =D18*F18 -> 2.214468e+10 | P18: =E18*F18 -> 2.7340488e+09 | Q18: 2 | R18: 7 | S18: =GDP!K31 -> 85869.76 | U18: =U8 -> 0.0002995 | V18: =-($U$2+$U$4*B18*(-1)+$U$8*C18+$U$10*D18+$U$12*E18+$U$6*S18)/($U$14+$U$16*S18+$U$18*C18+$U$20*D18+$U$22*E18+$U$6*B18*(-1)) -> -1.1560284 | X18: =-Y18/Z18*V18 -> 138.13891 | Y18: 75694.265 | Z18: 633.45454
A19: 江苏2018 | B19: =-CO2排放量!K32 -> -644.96547 | C19: =就业人口!K32 -> 4750.9 | D19: =资本存量!K32 -> 287306.71 | E19: =能源消耗量!L32 -> 31635.2 | F19: =S19-B19 -> 93852.515 | G19: =C19*C19 -> 22571051 | H19: =D19*D19 -> 8.2545147e+10 | I19: =E19*E19 -> 1.0007859e+09 | J19: =C19*D19 -> 1.3649655e+09 | K19: =C19*E19 -> 1.5029567e+08 | L19: =D19*E19 -> 9.0890053e+09 | M19: =F19*F19 -> 8.8082947e+09 | N19: =C19*F19 -> 4.4588392e+08 | O19: =D19*F19 -> 2.6964458e+10 | P19: =E19*F19 -> 2.9690431e+09 | Q19: 2 | R19: 8 | S19: =GDP!K32 -> 93207.55 | U19: δ21 | V19: =-($U$2+$U$4*B19*(-1)+$U$8*C19+$U$10*D19+$U$12*E19+$U$6*S19)/($U$14+$U$16*S19+$U$18*C19+$U$20*D19+$U$22*E19+$U$6*B19*(-1)) -> -1.1559212 | X19: =-Y19/Z19*V19 -> 138.1261 | Y19: 75694.265 | Z19: 633.45454
A20: 江苏2019 | B20: =-CO2排放量!K33 -> -636.58205 | C20: =就业人口!K33 -> 4745.2 | D20: =资本存量!K33 -> 318492.17 | E20: =能源消耗量!L33 -> 32525.97 | F20: =S20-B20 -> 100268.1 | G20: =C20*C20 -> 22516923 | H20: =D20*D20 -> 1.0143726e+11 | I20: =E20*E20 -> 1.0579387e+09 | J20: =C20*D20 -> 1.511309e+09 | K20: =C20*E20 -> 1.5434223e+08 | L20: =D20*E20 -> 1.0359267e+10 | M20: =F20*F20 -> 1.0053692e+10 | N20: =C20*F20 -> 4.757922e+08 | O20: =D20*F20 -> 3.1934605e+10 | P20: =E20*F20 -> 3.2613173e+09 | Q20: 2 | R20: 9 | S20: =GDP!K33 -> 99631.52 | U20: =U10 -> 7.5e-06 | V20: =-($U$2+$U$4*B20*(-1)+$U$8*C20+$U$10*D20+$U$12*E20+$U$6*S20)/($U$14+$U$16*S20+$U$18*C20+$U$20*D20+$U$22*E20+$U$6*B20*(-1)) -> -1.1513455 | X20: =-Y20/Z20*V20 -> 137.57933 | Y20: 75694.265 | Z20: 633.45454
A21: 江苏2020 | B21: =-CO2排放量!K34 -> -628.06253 | C21: =就业人口!K34 -> 4893 | D21: =资本存量!K34 -> 346860.12 | E21: =能源消耗量!L34 -> 32672.49 | F21: =S21-B21 -> 103347.04 | G21: =C21*C21 -> 23941449 | H21: =D21*D21 -> 1.2031194e+11 | I21: =E21*E21 -> 1.0674916e+09 | J21: =C21*D21 -> 1.6971865e+09 | K21: =C21*E21 -> 1.5986649e+08 | L21: =D21*E21 -> 1.1332784e+10 | M21: =F21*F21 -> 1.0680611e+10 | N21: =C21*F21 -> 5.0567708e+08 | O21: =D21*F21 -> 3.5846967e+10 | P21: =E21*F21 -> 3.3766052e+09 | Q21: 2 | R21: 10 | S21: =GDP!K34 -> 102718.98 | U21: δ31 | V21: =-($U$2+$U$4*B21*(-1)+$U$8*C21+$U$10*D21+$U$12*E21+$U$6*S21)/($U$14+$U$16*S21+$U$18*C21+$U$20*D21+$U$22*E21+$U$6*B21*(-1)) -> -1.1472023 | X21: =-Y21/Z21*V21 -> 137.08424 | Y21: 75694.265 | Z21: 633.45454
A22: 浙江2011 | B22: =-CO2排放量!K35 -> -398.62266 | C22: =就业人口!K35 -> 3385 | D22: =资本存量!K35 -> 48084.569 | E22: =能源消耗量!L35 -> 17827.27 | F22: =S22-B22 -> 32717.473 | G22: =C22*C22 -> 11458225 | H22: =D22*D22 -> 2.3121257e+09 | I22: =E22*E22 -> 3.1781156e+08 | J22: =C22*D22 -> 1.6276627e+08 | K22: =C22*E22 -> 60345309 | L22: =D22*E22 -> 8.5721659e+08 | M22: =F22*F22 -> 1.070433e+09 | N22: =C22*F22 -> 1.1074864e+08 | O22: =D22*F22 -> 1.5732056e+09 | P22: =E22*F22 -> 5.8326322e+08 | Q22: 3 | R22: 1 | S22: =GDP!K35 -> 32318.85 | U22: =U12 -> 0.0001875 | V22: =-($U$2+$U$4*B22*(-1)+$U$8*C22+$U$10*D22+$U$12*E22+$U$6*S22)/($U$14+$U$16*S22+$U$18*C22+$U$20*D22+$U$22*E22+$U$6*B22*(-1)) -> -1.2795188 | X22: =-Y22/Z22*V22 -> 151.3676 | Y22: 47178.798 | Z22: 398.80502
A23: 浙江2012 | B23: =-CO2排放量!K36 -> -383.59346 | C23: =就业人口!K36 -> 3407 | D23: =资本存量!K36 -> 60564.41 | E23: =能源消耗量!L36 -> 18076.18 | F23: =S23-B23 -> 35048.923 | G23: =C23*C23 -> 11607649 | H23: =D23*D23 -> 3.6680478e+09 | I23: =E23*E23 -> 3.2674828e+08 | J23: =C23*D23 -> 2.0634295e+08 | K23: =C23*E23 -> 61585545 | L23: =D23*E23 -> 1.0947732e+09 | M23: =F23*F23 -> 1.228427e+09 | N23: =C23*F23 -> 1.1941168e+08 | O23: =D23*F23 -> 2.1227174e+09 | P23: =E23*F23 -> 6.3355065e+08 | Q23: 3 | R23: 2 | S23: =GDP!K36 -> 34665.33 | V23: =-($U$2+$U$4*B23*(-1)+$U$8*C23+$U$10*D23+$U$12*E23+$U$6*S23)/($U$14+$U$16*S23+$U$18*C23+$U$20*D23+$U$22*E23+$U$6*B23*(-1)) -> -1.2739855 | X23: =-Y23/Z23*V23 -> 150.713 | Y23: 47178.798 | Z23: 398.80502
A24: 浙江2013 | B24: =-CO2排放量!K37 -> -387.56092 | C24: =就业人口!K37 -> 3436 | D24: =资本存量!K37 -> 74944.297 | E24: =能源消耗量!L37 -> 18640 | F24: =S24-B24 -> 38144.141 | G24: =C24*C24 -> 11806096 | H24: =D24*D24 -> 5.6166476e+09 | I24: =E24*E24 -> 347449600 | J24: =C24*D24 -> 2.575086e+08 | K24: =C24*E24 -> 64047040 | L24: =D24*E24 -> 1.3969617e+09 | M24: =F24*F24 -> 1.4549755e+09 | N24: =C24*F24 -> 1.3106327e+08 | O24: =D24*F24 -> 2.8586858e+09 | P24: =E24*F24 -> 7.1100679e+08 | Q24: 3 | R24: 3 | S24: =GDP!K37 -> 37756.58 | V24: =-($U$2+$U$4*B24*(-1)+$U$8*C24+$U$10*D24+$U$12*E24+$U$6*S24)/($U$14+$U$16*S24+$U$18*C24+$U$20*D24+$U$22*E24+$U$6*B24*(-1)) -> -1.2650388 | X24: =-Y24/Z24*V24 -> 149.65461 | Y24: 47178.798 | Z24: 398.80502
A25: 浙江2014 | B25: =-CO2排放量!K38 -> -380.7947 | C25: =就业人口!K38 -> 3459 | D25: =资本存量!K38 -> 91304.404 | E25: =能源消耗量!L38 -> 18826 | F25: =S25-B25 -> 40553.825 | G25: =C25*C25 -> 11964681 | H25: =D25*D25 -> 8.3364942e+09 | I25: =E25*E25 -> 354418276 | J25: =C25*D25 -> 3.1582193e+08 | K25: =C25*E25 -> 65119134 | L25: =D25*E25 -> 1.7188967e+09 | M25: =F25*F25 -> 1.6446127e+09 | N25: =C25*F25 -> 1.4027568e+08 | O25: =D25*F25 -> 3.7027428e+09 | P25: =E25*F25 -> 7.634663e+08 | Q25: 3 | R25: 4 | S25: =GDP!K38 -> 40173.03 | V25: =-($U$2+$U$4*B25*(-1)+$U$8*C25+$U$10*D25+$U$12*E25+$U$6*S25)/($U$14+$U$16*S25+$U$18*C25+$U$20*D25+$U$22*E25+$U$6*B25*(-1)) -> -1.2590414 | X25: =-Y25/Z25*V25 -> 148.94511 | Y25: 47178.798 | Z25: 398.80502
A26: 浙江2015 | B26: =-CO2排放量!K39 -> -381.50132 | C26: =就业人口!K39 -> 3505 | D26: =资本存量!K39 -> 109203.9 | E26: =能源消耗量!L39 -> 19610 | F26: =S26-B26 -> 43267.991 | G26: =C26*C26 -> 12285025 | H26: =D26*D26 -> 1.1925492e+10 | I26: =E26*E26 -> 384552100 | J26: =C26*D26 -> 3.8275967e+08 | K26: =C26*E26 -> 68733050 | L26: =D26*E26 -> 2.1414885e+09 | M26: =F26*F26 -> 1.8721191e+09 | N26: =C26*F26 -> 1.5165431e+08 | O26: =D26*F26 -> 4.7250335e+09 | P26: =E26*F26 -> 8.4848531e+08 | Q26: 3 | R26: 5 | S26: =GDP!K39 -> 42886.49 | V26: =-($U$2+$U$4*B26*(-1)+$U$8*C26+$U$10*D26+$U$12*E26+$U$6*S26)/($U$14+$U$16*S26+$U$18*C26+$U$20*D26+$U$22*E26+$U$6*B26*(-1)) -> -1.2457874 | X26: =-Y26/Z26*V26 -> 147.37716 | Y26: 47178.798 | Z26: 398.80502
A27: 浙江2016 | B27: =-CO2排放量!K40 -> -379.17654 | C27: =就业人口!K40 -> 3552 | D27: =资本存量!K40 -> 128291.33 | E27: =能源消耗量!L40 -> 20275.6 | F27: =S27-B27 -> 47630.537 | G27: =C27*C27 -> 12616704 | H27: =D27*D27 -> 1.6458665e+10 | I27: =E27*E27 -> 4.1109996e+08 | J27: =C27*D27 -> 4.5569079e+08 | K27: =C27*E27 -> 72018931 | L27: =D27*E27 -> 2.6011836e+09 | M27: =F27*F27 -> 2.268668e+09 | N27: =C27*F27 -> 1.6918367e+08 | O27: =D27*F27 -> 6.1105847e+09 | P27: =E27*F27 -> 9.6573771e+08 | Q27: 3 | R27: 6 | S27: =GDP!K40 -> 47251.36 | V27: =-($U$2+$U$4*B27*(-1)+$U$8*C27+$U$10*D27+$U$12*E27+$U$6*S27)/($U$14+$U$16*S27+$U$18*C27+$U$20*D27+$U$22*E27+$U$6*B27*(-1)) -> -1.237474 | X27: =-Y27/Z27*V27 -> 146.39368 | Y27: 47178.798 | Z27: 398.80502
A28: 浙江2017 | B28: =-CO2排放量!K41 -> -401.44068 | C28: =就业人口!K41 -> 3613 | D28: =资本存量!K41 -> 147101.35 | E28: =能源消耗量!L41 -> 21030.01 | F28: =S28-B28 -> 52169.701 | G28: =C28*C28 -> 13053769 | H28: =D28*D28 -> 2.1638807e+10 | I28: =E28*E28 -> 4.4226132e+08 | J28: =C28*D28 -> 5.3147718e+08 | K28: =C28*E28 -> 75981426 | L28: =D28*E28 -> 3.0935429e+09 | M28: =F28*F28 -> 2.7216777e+09 | N28: =C28*F28 -> 1.8848913e+08 | O28: =D28*F28 -> 7.6742334e+09 | P28: =E28*F28 -> 1.0971293e+09 | Q28: 3 | R28: 7 | S28: =GDP!K41 -> 51768.26 | V28: =-($U$2+$U$4*B28*(-1)+$U$8*C28+$U$10*D28+$U$12*E28+$U$6*S28)/($U$14+$U$16*S28+$U$18*C28+$U$20*D28+$U$22*E28+$U$6*B28*(-1)) -> -1.2290148 | X28: =-Y28/Z28*V28 -> 145.39295 | Y28: 47178.798 | Z28: 398.80502
A29: 浙江2018 | B29: =-CO2排放量!K42 -> -401.65883 | C29: =就业人口!K42 -> 3691 | D29: =资本存量!K42 -> 166315.56 | E29: =能源消耗量!L42 -> 21674.56 | F29: =S29-B29 -> 58404.659 | G29: =C29*C29 -> 13623481 | H29: =D29*D29 -> 2.7660864e+10 | I29: =E29*E29 -> 4.6978655e+08 | J29: =C29*D29 -> 6.1387071e+08 | K29: =C29*E29 -> 80000801 | L29: =D29*E29 -> 3.6048165e+09 | M29: =F29*F29 -> 3.4111042e+09 | N29: =C29*F29 -> 2.155716e+08 | O29: =D29*F29 -> 9.7136033e+09 | P29: =E29*F29 -> 1.2658953e+09 | Q29: 3 | R29: 8 | S29: =GDP!K42 -> 58003 | V29: =-($U$2+$U$4*B29*(-1)+$U$8*C29+$U$10*D29+$U$12*E29+$U$6*S29)/($U$14+$U$16*S29+$U$18*C29+$U$20*D29+$U$22*E29+$U$6*B29*(-1)) -> -1.2244501 | X29: =-Y29/Z29*V29 -> 144.85295 | Y29: 47178.798 | Z29: 398.80502
A30: 浙江2019 | B30: =-CO2排放量!K43 -> -419.14663 | C30: =就业人口!K43 -> 3771 | D30: =资本存量!K43 -> 187052.13 | E30: =能源消耗量!L43 -> 22393 | F30: =S30-B30 -> 62770.887 | G30: =C30*C30 -> 14220441 | H30: =D30*D30 -> 3.4988498e+10 | I30: =E30*E30 -> 501446449 | J30: =C30*D30 -> 7.0537357e+08 | K30: =C30*E30 -> 84444003 | L30: =D30*E30 -> 4.1886583e+09 | M30: =F30*F30 -> 3.9401842e+09 | N30: =C30*F30 -> 2.3670901e+08 | O30: =D30*F30 -> 1.1741428e+10 | P30: =E30*F30 -> 1.4056285e+09 | Q30: 3 | R30: 9 | S30: =GDP!K43 -> 62351.74 | V30: =-($U$2+$U$4*B30*(-1)+$U$8*C30+$U$10*D30+$U$12*E30+$U$6*S30)/($U$14+$U$16*S30+$U$18*C30+$U$20*D30+$U$22*E30+$U$6*B30*(-1)) -> -1.2159918 | X30: =-Y30/Z30*V30 -> 143.85233 | Y30: 47178.798 | Z30: 398.80502
A31: 浙江2020 | B31: =-CO2排放量!K44 -> -454.55451 | C31: =就业人口!K44 -> 3857 | D31: =资本存量!K44 -> 207779.94 | E31: =能源消耗量!L44 -> 24660 | F31: =S31-B31 -> 65067.895 | G31: =C31*C31 -> 14876449 | H31: =D31*D31 -> 4.3172504e+10 | I31: =E31*E31 -> 608115600 | J31: =C31*D31 -> 8.0140724e+08 | K31: =C31*E31 -> 95113620 | L31: =D31*E31 -> 5.1238534e+09 | M31: =F31*F31 -> 4.2338309e+09 | N31: =C31*F31 -> 2.5096687e+08 | O31: =D31*F31 -> 1.3519803e+10 | P31: =E31*F31 -> 1.6045743e+09 | Q31: 3 | R31: 10 | S31: =GDP!K44 -> 64613.34 | V31: =-($U$2+$U$4*B31*(-1)+$U$8*C31+$U$10*D31+$U$12*E31+$U$6*S31)/($U$14+$U$16*S31+$U$18*C31+$U$20*D31+$U$22*E31+$U$6*B31*(-1)) -> -1.1937016 | X31: =-Y31/Z31*V31 -> 141.21539 | Y31: 47178.798 | Z31: 398.80502
A32: 安徽2011 | B32: =-CO2排放量!K45 -> -315.38719 | C32: =就业人口!K45 -> 4120.9 | D32: =资本存量!K45 -> 39588.918 | E32: =能源消耗量!L45 -> 10570.23 | F32: =S32-B32 -> 15616.037 | G32: =C32*C32 -> 16981817 | H32: =D32*D32 -> 1.5672824e+09 | I32: =E32*E32 -> 1.1172976e+08 | J32: =C32*D32 -> 1.6314197e+08 | K32: =C32*E32 -> 43558861 | L32: =D32*E32 -> 4.1846397e+08 | M32: =F32*F32 -> 2.4386062e+08 | N32: =C32*F32 -> 64352128 | O32: =D32*F32 -> 6.1822201e+08 | P32: =E32*F32 -> 1.650651e+08 | Q32: 4 | R32: 1 | S32: =GDP!K45 -> 15300.65 | V32: =-($U$2+$U$4*B32*(-1)+$U$8*C32+$U$10*D32+$U$12*E32+$U$6*S32)/($U$14+$U$16*S32+$U$18*C32+$U$20*D32+$U$22*E32+$U$6*B32*(-1)) -> -1.3423705 | X32: =-Y32/Z32*V32 -> 89.92583 | Y32: 25582.755 | Z32: 381.88733
A33: 安徽2012 | B33: =-CO2排放量!K46 -> -355.907 | C33: =就业人口!K46 -> 4206.8 | D33: =资本存量!K46 -> 50843.333 | E33: =能源消耗量!L46 -> 11357.95 | F33: =S33-B33 -> 17567.958 | G33: =C33*C33 -> 17697166 | H33: =D33*D33 -> 2.5850445e+09 | I33: =E33*E33 -> 1.2900303e+08 | J33: =C33*D33 -> 2.1388773e+08 | K33: =C33*E33 -> 47780624 | L33: =D33*E33 -> 5.7747603e+08 | M33: =F33*F33 -> 3.0863313e+08 | N33: =C33*F33 -> 73904884 | O33: =D33*F33 -> 8.9321351e+08 | P33: =E33*F33 -> 1.9953598e+08 | Q33: 4 | R33: 2 | S33: =GDP!K46 -> 17212.051 | V33: =-($U$2+$U$4*B33*(-1)+$U$8*C33+$U$10*D33+$U$12*E33+$U$6*S33)/($U$14+$U$16*S33+$U$18*C33+$U$20*D33+$U$22*E33+$U$6*B33*(-1)) -> -1.3209054 | X33: =-Y33/Z33*V33 -> 88.487873 | Y33: 25582.755 | Z33: 381.88733
A34: 安徽2013 | B34: =-CO2排放量!K47 -> -387.18004 | C34: =就业人口!K47 -> 4275.9 | D34: =资本存量!K47 -> 64213.494 | E34: =能源消耗量!L47 -> 12060.36 | F34: =S34-B34 -> 19616.517 | G34: =C34*C34 -> 18283321 | H34: =D34*D34 -> 4.1233728e+09 | I34: =E34*E34 -> 1.4545228e+08 | J34: =C34*D34 -> 2.7457048e+08 | K34: =C34*E34 -> 51568893 | L34: =D34*E34 -> 7.7443785e+08 | M34: =F34*F34 -> 3.8480774e+08 | N34: =C34*F34 -> 83878266 | O34: =D34*F34 -> 1.2596451e+09 | P34: =E34*F34 -> 2.3658226e+08 | Q34: 4 | R34: 3 | S34: =GDP!K47 -> 19229.337 | V34: =-($U$2+$U$4*B34*(-1)+$U$8*C34+$U$10*D34+$U$12*E34+$U$6*S34)/($U$14+$U$16*S34+$U$18*C34+$U$20*D34+$U$22*E34+$U$6*B34*(-1)) -> -1.3027273 | X34: =-Y34/Z34*V34 -> 87.270118 | Y34: 25582.755 | Z34: 381.88733
A35: 安徽2014 | B35: =-CO2排放量!K48 -> -401.79524 | C35: =就业人口!K48 -> 4311 | D35: =资本存量!K48 -> 79305.292 | E35: =能源消耗量!L48 -> 12011.02 | F35: =S35-B35 -> 21250.543 | G35: =C35*C35 -> 18584721 | H35: =D35*D35 -> 6.2893294e+09 | I35: =E35*E35 -> 1.442646e+08 | J35: =C35*D35 -> 3.4188512e+08 | K35: =C35*E35 -> 51779507 | L35: =D35*E35 -> 9.5253745e+08 | M35: =F35*F35 -> 4.5158557e+08 | N35: =C35*F35 -> 91611090 | O35: =D35*F35 -> 1.6852805e+09 | P35: =E35*F35 -> 2.552407e+08 | Q35: 4 | R35: 4 | S35: =GDP!K48 -> 20848.748 | V35: =-($U$2+$U$4*B35*(-1)+$U$8*C35+$U$10*D35+$U$12*E35+$U$6*S35)/($U$14+$U$16*S35+$U$18*C35+$U$20*D35+$U$22*E35+$U$6*B35*(-1)) -> -1.2971359 | X35: =-Y35/Z35*V35 -> 86.895546 | Y35: 25582.755 | Z35: 381.88733
A36: 安徽2015 | B36: =-CO2排放量!K49 -> -392.8483 | C36: =就业人口!K49 -> 4342.1 | D36: =资本存量!K49 -> 95657.536 | E36: =能源消耗量!L49 -> 12301.23 | F36: =S36-B36 -> 22398.478 | G36: =C36*C36 -> 18853832 | H36: =D36*D36 -> 9.1503642e+09 | I36: =E36*E36 -> 1.5132026e+08 | J36: =C36*D36 -> 4.1535459e+08 | K36: =C36*E36 -> 53413171 | L36: =D36*E36 -> 1.1767054e+09 | M36: =F36*F36 -> 5.0169183e+08 | N36: =C36*F36 -> 97256433 | O36: =D36*F36 -> 2.1425832e+09 | P36: =E36*F36 -> 2.7552883e+08 | Q36: 4 | R36: 5 | S36: =GDP!K49 -> 22005.63 | V36: =-($U$2+$U$4*B36*(-1)+$U$8*C36+$U$10*D36+$U$12*E36+$U$6*S36)/($U$14+$U$16*S36+$U$18*C36+$U$20*D36+$U$22*E36+$U$6*B36*(-1)) -> -1.2844869 | X36: =-Y36/Z36*V36 -> 86.048187 | Y36: 25582.755 | Z36: 381.88733
A37: 安徽2016 | B37: =-CO2排放量!K50 -> -380.17731 | C37: =就业人口!K50 -> 4361.6 | D37: =资本存量!K50 -> 113232.52 | E37: =能源消耗量!L50 -> 12662.89 | F37: =S37-B37 -> 24787.797 | G37: =C37*C37 -> 19023555 | H37: =D37*D37 -> 1.2821604e+10 | I37: =E37*E37 -> 1.6034878e+08 | J37: =C37*D37 -> 4.9387498e+08 | K37: =C37*E37 -> 55230461 | L37: =D37*E37 -> 1.433851e+09 | M37: =F37*F37 -> 6.144349e+08 | N37: =C37*F37 -> 1.0811446e+08 | O37: =D37*F37 -> 2.8067849e+09 | P37: =E37*F37 -> 3.1388515e+08 | Q37: 4 | R37: 6 | S37: =GDP!K50 -> 24407.62 | V37: =-($U$2+$U$4*B37*(-1)+$U$8*C37+$U$10*D37+$U$12*E37+$U$6*S37)/($U$14+$U$16*S37+$U$18*C37+$U$20*D37+$U$22*E37+$U$6*B37*(-1)) -> -1.2744157 | X37: =-Y37/Z37*V37 -> 85.373516 | Y37: 25582.755 | Z37: 381.88733
A38: 安徽2017 | B38: =-CO2排放量!K51 -> -397.01638 | C38: =就业人口!K51 -> 4377.9 | D38: =资本存量!K51 -> 131548.16 | E38: =能源消耗量!L51 -> 13018.71 | F38: =S38-B38 -> 27415.016 | G38: =C38*C38 -> 19166008 | H38: =D38*D38 -> 1.7304918e+10 | I38: =E38*E38 -> 1.6948681e+08 | J38: =C38*D38 -> 5.7590468e+08 | K38: =C38*E38 -> 56994611 | L38: =D38*E38 -> 1.7125873e+09 | M38: =F38*F38 -> 7.5158312e+08 | N38: =C38*F38 -> 1.200202e+08 | O38: =D38*F38 -> 3.6063949e+09 | P38: =E38*F38 -> 3.5690815e+08 | Q38: 4 | R38: 7 | S38: =GDP!K51 -> 27018 | V38: =-($U$2+$U$4*B38*(-1)+$U$8*C38+$U$10*D38+$U$12*E38+$U$6*S38)/($U$14+$U$16*S38+$U$18*C38+$U$20*D38+$U$22*E38+$U$6*B38*(-1)) -> -1.2653223 | X38: =-Y38/Z38*V38 -> 84.764347 | Y38: 25582.755 | Z38: 381.88733
A39: 安徽2018 | B39: =-CO2排放量!K52 -> -392.4285 | C39: =就业人口!K52 -> 4385.3 | D39: =资本存量!K52 -> 151549.43 | E39: =能源消耗量!L52 -> 13294.71 | F39: =S39-B39 -> 34403.329 | G39: =C39*C39 -> 19230856 | H39: =D39*D39 -> 2.2967231e+10 | I39: =E39*E39 -> 1.7674931e+08 | J39: =C39*D39 -> 6.6458973e+08 | K39: =C39*E39 -> 58301292 | L39: =D39*E39 -> 2.0148058e+09 | M39: =F39*F39 -> 1.183589e+09 | N39: =C39*F39 -> 1.5086892e+08 | O39: =D39*F39 -> 5.213805e+09 | P39: =E39*F39 -> 4.5738228e+08 | Q39: 4 | R39: 8 | S39: =GDP!K52 -> 34010.9 | V39: =-($U$2+$U$4*B39*(-1)+$U$8*C39+$U$10*D39+$U$12*E39+$U$6*S39)/($U$14+$U$16*S39+$U$18*C39+$U$20*D39+$U$22*E39+$U$6*B39*(-1)) -> -1.2667129 | X39: =-Y39/Z39*V39 -> 84.857499 | Y39: 25582.755 | Z39: 381.88733
A40: 安徽2019 | B40: =-CO2排放量!K53 -> -398.96247 | C40: =就业人口!K53 -> 4384 | D40: =资本存量!K53 -> 172632.54 | E40: =能源消耗量!L53 -> 13869.73 | F40: =S40-B40 -> 37512.942 | G40: =C40*C40 -> 19219456 | H40: =D40*D40 -> 2.9801993e+10 | I40: =E40*E40 -> 1.9236941e+08 | J40: =C40*D40 -> 7.5682105e+08 | K40: =C40*E40 -> 60804896 | L40: =D40*E40 -> 2.3943667e+09 | M40: =F40*F40 -> 1.4072209e+09 | N40: =C40*F40 -> 1.6445674e+08 | O40: =D40*F40 -> 6.4759545e+09 | P40: =E40*F40 -> 5.2029438e+08 | Q40: 4 | R40: 9 | S40: =GDP!K53 -> 37113.98 | V40: =-($U$2+$U$4*B40*(-1)+$U$8*C40+$U$10*D40+$U$12*E40+$U$6*S40)/($U$14+$U$16*S40+$U$18*C40+$U$20*D40+$U$22*E40+$U$6*B40*(-1)) -> -1.2554022 | X40: =-Y40/Z40*V40 -> 84.099795 | Y40: 25582.755 | Z40: 381.88733
A41: 安徽2020 | B41: =-CO2排放量!K54 -> -397.17087 | C41: =就业人口!K54 -> 3243 | D41: =资本存量!K54 -> 193508.89 | E41: =能源消耗量!L54 -> 14697.9 | F41: =S41-B41 -> 39077.801 | G41: =C41*C41 -> 10517049 | H41: =D41*D41 -> 3.744569e+10 | I41: =E41*E41 -> 2.1602826e+08 | J41: =C41*D41 -> 6.2754933e+08 | K41: =C41*E41 -> 47665290 | L41: =D41*E41 -> 2.8441743e+09 | M41: =F41*F41 -> 1.5270745e+09 | N41: =C41*F41 -> 1.2672931e+08 | O41: =D41*F41 -> 7.5619018e+09 | P41: =E41*F41 -> 5.7436161e+08 | Q41: 4 | R41: 10 | S41: =GDP!K54 -> 38680.63 | V41: =-($U$2+$U$4*B41*(-1)+$U$8*C41+$U$10*D41+$U$12*E41+$U$6*S41)/($U$14+$U$16*S41+$U$18*C41+$U$20*D41+$U$22*E41+$U$6*B41*(-1)) -> -1.2607261 | X41: =-Y41/Z41*V41 -> 84.456445 | Y41: 25582.755 | Z41: 381.88733
A42: 内蒙古2011 | B42: =-CO2排放量!K55 -> -740.51601 | C42: =就业人口!K55 -> 1388 | D42: =资本存量!K55 -> 33951.853 | E42: =能源消耗量!L55 -> 16140.03 | F42: =S42-B42 -> 15100.396 | G42: =C42*C42 -> 1926544 | H42: =D42*D42 -> 1.1527283e+09 | I42: =E42*E42 -> 2.6050057e+08 | J42: =C42*D42 -> 47125173 | K42: =C42*E42 -> 22402362 | L42: =D42*E42 -> 5.4798393e+08 | M42: =F42*F42 -> 2.2802196e+08 | N42: =C42*F42 -> 20959350 | O42: =D42*F42 -> 5.1268643e+08 | P42: =E42*F42 -> 2.4372084e+08 | Q42: 5 | R42: 1 | S42: =GDP!K55 -> 14359.88 | V42: =-($U$2+$U$4*B42*(-1)+$U$8*C42+$U$10*D42+$U$12*E42+$U$6*S42)/($U$14+$U$16*S42+$U$18*C42+$U$20*D42+$U$22*E42+$U$6*B42*(-1)) -> -1.3204236 | X42: =-Y42/Z42*V42 -> 26.776823 | Y42: 16769.612 | Z42: 826.94616
A43: 内蒙古2012 | B43: =-CO2排放量!K56 -> -788.69167 | C43: =就业人口!K56 -> 1379 | D43: =资本存量!K56 -> 42568.215 | E43: =能源消耗量!L56 -> 16912.92 | F43: =S43-B43 -> 16669.271 | G43: =C43*C43 -> 1901641 | H43: =D43*D43 -> 1.812053e+09 | I43: =E43*E43 -> 2.8604686e+08 | J43: =C43*D43 -> 58701569 | K43: =C43*E43 -> 23322917 | L43: =D43*E43 -> 7.1995282e+08 | M43: =F43*F43 -> 2.7786458e+08 | N43: =C43*F43 -> 22986924 | O43: =D43*F43 -> 7.095811e+08 | P43: =E43*F43 -> 2.8192604e+08 | Q43: 5 | R43: 2 | S43: =GDP!K56 -> 15880.579 | V43: =-($U$2+$U$4*B43*(-1)+$U$8*C43+$U$10*D43+$U$12*E43+$U$6*S43)/($U$14+$U$16*S43+$U$18*C43+$U$20*D43+$U$22*E43+$U$6*B43*(-1)) -> -1.3051098 | X43: =-Y43/Z43*V43 -> 26.466275 | Y43: 16769.612 | Z43: 826.94616
A44: 内蒙古2013 | B44: =-CO2排放量!K57 -> -783.74309 | C44: =就业人口!K57 -> 1370 | D44: =资本存量!K57 -> 52699.044 | E44: =能源消耗量!L57 -> 17544.17 | F44: =S44-B44 -> 17700.246 | G44: =C44*C44 -> 1876900 | H44: =D44*D44 -> 2.7771893e+09 | I44: =E44*E44 -> 3.077979e+08 | J44: =C44*D44 -> 72197691 | K44: =C44*E44 -> 24035513 | L44: =D44*E44 -> 9.2456099e+08 | M44: =F44*F44 -> 3.1329871e+08 | N44: =C44*F44 -> 24249337 | O44: =D44*F44 -> 9.3278605e+08 | P44: =E44*F44 -> 3.1053613e+08 | Q44: 5 | R44: 3 | S44: =GDP!K57 -> 16916.503 | V44: =-($U$2+$U$4*B44*(-1)+$U$8*C44+$U$10*D44+$U$12*E44+$U$6*S44)/($U$14+$U$16*S44+$U$18*C44+$U$20*D44+$U$22*E44+$U$6*B44*(-1)) -> -1.2910223 | X44: =-Y44/Z44*V44 -> 26.180596 | Y44: 16769.612 | Z44: 826.94616
A45: 内蒙古2014 | B45: =-CO2排放量!K58 -> -806.00009 | C45: =就业人口!K58 -> 1360 | D45: =资本存量!K58 -> 65231.762 | E45: =能源消耗量!L58 -> 18167.46 | F45: =S45-B45 -> 18576.189 | G45: =C45*C45 -> 1849600 | H45: =D45*D45 -> 4.2551828e+09 | I45: =E45*E45 -> 3.300566e+08 | J45: =C45*D45 -> 88715197 | K45: =C45*E45 -> 24707746 | L45: =D45*E45 -> 1.1850954e+09 | M45: =F45*F45 -> 3.4507479e+08 | N45: =C45*F45 -> 25263617 | O45: =D45*F45 -> 1.2117575e+09 | P45: =E45*F45 -> 3.3748217e+08 | Q45: 5 | R45: 4 | S45: =GDP!K58 -> 17770.189 | V45: =-($U$2+$U$4*B45*(-1)+$U$8*C45+$U$10*D45+$U$12*E45+$U$6*S45)/($U$14+$U$16*S45+$U$18*C45+$U$20*D45+$U$22*E45+$U$6*B45*(-1)) -> -1.2765487 | X45: =-Y45/Z45*V45 -> 25.887086 | Y45: 16769.612 | Z45: 826.94616
A46: 内蒙古2015 | B46: =-CO2排放量!K59 -> -753.79994 | C46: =就业人口!K59 -> 1351 | D46: =资本存量!K59 -> 72671.735 | E46: =能源消耗量!L59 -> 18783.71 | F46: =S46-B46 -> 18585.309 | G46: =C46*C46 -> 1825201 | H46: =D46*D46 -> 5.281181e+09 | I46: =E46*E46 -> 3.5282776e+08 | J46: =C46*D46 -> 98179514 | K46: =C46*E46 -> 25376792 | L46: =D46*E46 -> 1.3650448e+09 | M46: =F46*F46 -> 3.454137e+08 | N46: =C46*F46 -> 25108752 | O46: =D46*F46 -> 1.3506266e+09 | P46: =E46*F46 -> 3.4910105e+08 | Q46: 5 | R46: 5 | S46: =GDP!K59 -> 17831.509 | V46: =-($U$2+$U$4*B46*(-1)+$U$8*C46+$U$10*D46+$U$12*E46+$U$6*S46)/($U$14+$U$16*S46+$U$18*C46+$U$20*D46+$U$22*E46+$U$6*B46*(-1)) -> -1.2642455 | X46: =-Y46/Z46*V46 -> 25.63759 | Y46: 16769.612 | Z46: 826.94616
A47: 内蒙古2016 | B47: =-CO2排放量!K60 -> -754.61517 | C47: =就业人口!K60 -> 1326 | D47: =资本存量!K60 -> 80775.262 | E47: =能源消耗量!L60 -> 19309.66 | F47: =S47-B47 -> 18882.715 | G47: =C47*C47 -> 1758276 | H47: =D47*D47 -> 6.5246429e+09 | I47: =E47*E47 -> 3.7286297e+08 | J47: =C47*D47 -> 1.07108e+08 | K47: =C47*E47 -> 25604609 | L47: =D47*E47 -> 1.5597428e+09 | M47: =F47*F47 -> 3.5655693e+08 | N47: =C47*F47 -> 25038480 | O47: =D47*F47 -> 1.5252563e+09 | P47: =E47*F47 -> 3.6461881e+08 | Q47: 5 | R47: 6 | S47: =GDP!K60 -> 18128.1 | V47: =-($U$2+$U$4*B47*(-1)+$U$8*C47+$U$10*D47+$U$12*E47+$U$6*S47)/($U$14+$U$16*S47+$U$18*C47+$U$20*D47+$U$22*E47+$U$6*B47*(-1)) -> -1.2546637 | X47: =-Y47/Z47*V47 -> 25.443282 | Y47: 16769.612 | Z47: 826.94616
A48: 内蒙古2017 | B48: =-CO2排放量!K61 -> -765.07294 | C48: =就业人口!K61 -> 1317 | D48: =资本存量!K61 -> 87033.997 | E48: =能源消耗量!L61 -> 19763.44 | F48: =S48-B48 -> 16861.283 | G48: =C48*C48 -> 1734489 | H48: =D48*D48 -> 7.5749167e+09 | I48: =E48*E48 -> 3.9059356e+08 | J48: =C48*D48 -> 1.1462377e+08 | K48: =C48*E48 -> 26028450 | L48: =D48*E48 -> 1.7200912e+09 | M48: =F48*F48 -> 2.8430286e+08 | N48: =C48*F48 -> 22206310 | O48: =D48*F48 -> 1.4675049e+09 | P48: =E48*F48 -> 3.3323695e+08 | Q48: 5 | R48: 7 | S48: =GDP!K61 -> 16096.21 | V48: =-($U$2+$U$4*B48*(-1)+$U$8*C48+$U$10*D48+$U$12*E48+$U$6*S48)/($U$14+$U$16*S48+$U$18*C48+$U$20*D48+$U$22*E48+$U$6*B48*(-1)) -> -1.2426736 | X48: =-Y48/Z48*V48 -> 25.200134 | Y48: 16769.612 | Z48: 826.94616
A49: 内蒙古2018 | B49: =-CO2排放量!K62 -> -857.57321 | C49: =就业人口!K62 -> 1304 | D49: =资本存量!K62 -> 88866.302 | E49: =能源消耗量!L62 -> 23068.47 | F49: =S49-B49 -> 16998.373 | G49: =C49*C49 -> 1700416 | H49: =D49*D49 -> 7.8972196e+09 | I49: =E49*E49 -> 5.3215431e+08 | J49: =C49*D49 -> 1.1588166e+08 | K49: =C49*E49 -> 30081285 | L49: =D49*E49 -> 2.0500096e+09 | M49: =F49*F49 -> 2.8894469e+08 | N49: =C49*F49 -> 22165879 | O49: =D49*F49 -> 1.5105826e+09 | P49: =E49*F49 -> 3.9212646e+08 | Q49: 5 | R49: 8 | S49: =GDP!K62 -> 16140.8 | V49: =-($U$2+$U$4*B49*(-1)+$U$8*C49+$U$10*D49+$U$12*E49+$U$6*S49)/($U$14+$U$16*S49+$U$18*C49+$U$20*D49+$U$22*E49+$U$6*B49*(-1)) -> -1.2107075 | X49: =-Y49/Z49*V49 -> 24.551894 | Y49: 16769.612 | Z49: 826.94616
A50: 内蒙古2019 | B50: =-CO2排放量!K63 -> -972.78728 | C50: =就业人口!K63 -> 1272 | D50: =资本存量!K63 -> 91113.584 | E50: =能源消耗量!L63 -> 25345.57 | F50: =S50-B50 -> 18185.317 | G50: =C50*C50 -> 1617984 | H50: =D50*D50 -> 8.3016851e+09 | I50: =E50*E50 -> 6.4239792e+08 | J50: =C50*D50 -> 1.1589648e+08 | K50: =C50*E50 -> 32239565 | L50: =D50*E50 -> 2.3093257e+09 | M50: =F50*F50 -> 3.3070576e+08 | N50: =C50*F50 -> 23131724 | O50: =D50*F50 -> 1.6569294e+09 | P50: =E50*F50 -> 4.6091723e+08 | Q50: 5 | R50: 9 | S50: =GDP!K63 -> 17212.53 | V50: =-($U$2+$U$4*B50*(-1)+$U$8*C50+$U$10*D50+$U$12*E50+$U$6*S50)/($U$14+$U$16*S50+$U$18*C50+$U$20*D50+$U$22*E50+$U$6*B50*(-1)) -> -1.1944708 | X50: =-Y50/Z50*V50 -> 24.22263 | Y50: 16769.612 | Z50: 826.94616
A51: 内蒙古2020 | B51: =-CO2排放量!K64 -> -1046.6622 | C51: =就业人口!K64 -> 1242 | D51: =资本存量!K64 -> 92961.893 | E51: =能源消耗量!L64 -> 27133.65 | F51: =S51-B51 -> 18406.482 | G51: =C51*C51 -> 1542564 | H51: =D51*D51 -> 8.6419135e+09 | I51: =E51*E51 -> 7.3623496e+08 | J51: =C51*D51 -> 1.1545867e+08 | K51: =C51*E51 -> 33699993 | L51: =D51*E51 -> 2.5223955e+09 | M51: =F51*F51 -> 3.3879859e+08 | N51: =C51*F51 -> 22860851 | O51: =D51*F51 -> 1.7111014e+09 | P51: =E51*F51 -> 4.9943505e+08 | Q51: 5 | R51: 10 | S51: =GDP!K64 -> 17359.82 | V51: =-($U$2+$U$4*B51*(-1)+$U$8*C51+$U$10*D51+$U$12*E51+$U$6*S51)/($U$14+$U$16*S51+$U$18*C51+$U$20*D51+$U$22*E51+$U$6*B51*(-1)) -> -1.1826409 | X51: =-Y51/Z51*V51 -> 23.982732 | Y51: 16769.612 | Z51: 826.94616
A52: 甘肃2011 | B52: =-CO2排放量!K65 -> -169.69415 | C52: =就业人口!K65 -> 1379 | D52: =资本存量!K65 -> 12063.617 | E52: =能源消耗量!L65 -> 6393.69 | F52: =S52-B52 -> 5190.0642 | G52: =C52*C52 -> 1901641 | H52: =D52*D52 -> 1.4553086e+08 | I52: =E52*E52 -> 40879272 | J52: =C52*D52 -> 16635728 | K52: =C52*E52 -> 8816898.5 | L52: =D52*E52 -> 77131029 | M52: =F52*F52 -> 26936766 | N52: =C52*F52 -> 7157098.5 | O52: =D52*F52 -> 62610947 | P52: =E52*F52 -> 33183661 | Q52: 6 | R52: 1 | S52: =GDP!K65 -> 5020.37 | V52: =-($U$2+$U$4*B52*(-1)+$U$8*C52+$U$10*D52+$U$12*E52+$U$6*S52)/($U$14+$U$16*S52+$U$18*C52+$U$20*D52+$U$22*E52+$U$6*B52*(-1)) -> -1.6926631 | X52: =-Y52/Z52*V52 -> 67.275508 | Y52: 7112.7743 | Z52: 178.9586
A53: 甘肃2012 | B53: =-CO2排放量!K66 -> -173.75378 | C53: =就业人口!K66 -> 1358 | D53: =资本存量!K66 -> 15085.75 | E53: =能源消耗量!L66 -> 6893.76 | F53: =S53-B53 -> 5823.9577 | G53: =C53*C53 -> 1844164 | H53: =D53*D53 -> 2.2757985e+08 | I53: =E53*E53 -> 47523927 | J53: =C53*D53 -> 20486448 | K53: =C53*E53 -> 9361726.1 | L53: =D53*E53 -> 1.0399754e+08 | M53: =F53*F53 -> 33918484 | N53: =C53*F53 -> 7908934.6 | O53: =D53*F53 -> 87858770 | P53: =E53*F53 -> 40148967 | Q53: 6 | R53: 2 | S53: =GDP!K66 -> 5650.204 | V53: =-($U$2+$U$4*B53*(-1)+$U$8*C53+$U$10*D53+$U$12*E53+$U$6*S53)/($U$14+$U$16*S53+$U$18*C53+$U$20*D53+$U$22*E53+$U$6*B53*(-1)) -> -1.6520782 | X53: =-Y53/Z53*V53 -> 65.662448 | Y53: 7112.7743 | Z53: 178.9586
A54: 甘肃2013 | B54: =-CO2排放量!K67 -> -181.46649 | C54: =就业人口!K67 -> 1352 | D54: =资本存量!K67 -> 18678.048 | E54: =能源消耗量!L67 -> 7286.72 | F54: =S54-B54 -> 6512.1588 | G54: =C54*C54 -> 1827904 | H54: =D54*D54 -> 3.4886948e+08 | I54: =E54*E54 -> 53096288 | J54: =C54*D54 -> 25252721 | K54: =C54*E54 -> 9851645.4 | L54: =D54*E54 -> 1.3610171e+08 | M54: =F54*F54 -> 42408212 | N54: =C54*F54 -> 8804438.7 | O54: =D54*F54 -> 1.2163441e+08 | P54: =E54*F54 -> 47452278 | Q54: 6 | R54: 3 | S54: =GDP!K67 -> 6330.6923 | V54: =-($U$2+$U$4*B54*(-1)+$U$8*C54+$U$10*D54+$U$12*E54+$U$6*S54)/($U$14+$U$16*S54+$U$18*C54+$U$20*D54+$U$22*E54+$U$6*B54*(-1)) -> -1.6209787 | X54: =-Y54/Z54*V54 -> 64.426387 | Y54: 7112.7743 | Z54: 178.9586
A55: 甘肃2014 | B55: =-CO2排放量!K68 -> -180.46855 | C55: =就业人口!K68 -> 1348 | D55: =资本存量!K68 -> 23292.155 | E55: =能源消耗量!L68 -> 7521.45 | F55: =S55-B55 -> 7017.2893 | G55: =C55*C55 -> 1817104 | H55: =D55*D55 -> 5.425245e+08 | I55: =E55*E55 -> 56572210 | J55: =C55*D55 -> 31397825 | K55: =C55*E55 -> 10138915 | L55: =D55*E55 -> 1.7519078e+08 | M55: =F55*F55 -> 49242350 | N55: =C55*F55 -> 9459306 | O55: =D55*F55 -> 1.6344779e+08 | P55: =E55*F55 -> 52780191 | Q55: 6 | R55: 4 | S55: =GDP!K68 -> 6836.8208 | V55: =-($U$2+$U$4*B55*(-1)+$U$8*C55+$U$10*D55+$U$12*E55+$U$6*S55)/($U$14+$U$16*S55+$U$18*C55+$U$20*D55+$U$22*E55+$U$6*B55*(-1)) -> -1.5982233 | X55: =-Y55/Z55*V55 -> 63.521964 | Y55: 7112.7743 | Z55: 178.9586
A56: 甘肃2015 | B56: =-CO2排放量!K69 -> -176.5753 | C56: =就业人口!K69 -> 1346 | D56: =资本存量!K69 -> 28815.728 | E56: =能源消耗量!L69 -> 7488.5 | F56: =S56-B56 -> 6966.8922 | G56: =C56*C56 -> 1811716 | H56: =D56*D56 -> 8.3034621e+08 | I56: =E56*E56 -> 56077632 | J56: =C56*D56 -> 38785971 | K56: =C56*E56 -> 10079521 | L56: =D56*E56 -> 2.1578658e+08 | M56: =F56*F56 -> 48537587 | N56: =C56*F56 -> 9377436.9 | O56: =D56*F56 -> 2.0075607e+08 | P56: =E56*F56 -> 52171572 | Q56: 6 | R56: 5 | S56: =GDP!K69 -> 6790.3169 | V56: =-($U$2+$U$4*B56*(-1)+$U$8*C56+$U$10*D56+$U$12*E56+$U$6*S56)/($U$14+$U$16*S56+$U$18*C56+$U$20*D56+$U$22*E56+$U$6*B56*(-1)) -> -1.5855216 | X56: =-Y56/Z56*V56 -> 63.01713 | Y56: 7112.7743 | Z56: 178.9586
A57: 甘肃2016 | B57: =-CO2排放量!K70 -> -169.71653 | C57: =就业人口!K70 -> 1341 | D57: =资本存量!K70 -> 34676.019 | E57: =能源消耗量!L70 -> 7299.93 | F57: =S57-B57 -> 7370.0865 | G57: =C57*C57 -> 1798281 | H57: =D57*D57 -> 1.2024263e+09 | I57: =E57*E57 -> 53288978 | J57: =C57*D57 -> 46500541 | K57: =C57*E57 -> 9789206.1 | L57: =D57*E57 -> 2.5313251e+08 | M57: =F57*F57 -> 54318175 | N57: =C57*F57 -> 9883286 | O57: =D57*F57 -> 2.5556526e+08 | P57: =E57*F57 -> 53801116 | Q57: 6 | R57: 6 | S57: =GDP!K70 -> 7200.37 | V57: =-($U$2+$U$4*B57*(-1)+$U$8*C57+$U$10*D57+$U$12*E57+$U$6*S57)/($U$14+$U$16*S57+$U$18*C57+$U$20*D57+$U$22*E57+$U$6*B57*(-1)) -> -1.5875183 | X57: =-Y57/Z57*V57 -> 63.096491 | Y57: 7112.7743 | Z57: 178.9586
A58: 甘肃2017 | B58: =-CO2排放量!K71 -> -173.98677 | C58: =就业人口!K71 -> 1337 | D58: =资本存量!K71 -> 40881.221 | E58: =能源消耗量!L71 -> 7503.63 | F58: =S58-B58 -> 7633.8863 | G58: =C58*C58 -> 1787569 | H58: =D58*D58 -> 1.6712742e+09 | I58: =E58*E58 -> 56304463 | J58: =C58*D58 -> 54658192 | K58: =C58*E58 -> 10032353 | L58: =D58*E58 -> 3.0675755e+08 | M58: =F58*F58 -> 58276220 | N58: =C58*F58 -> 10206506 | O58: =D58*F58 -> 3.1208259e+08 | P58: =E58*F58 -> 57281858 | Q58: 6 | R58: 7 | S58: =GDP!K71 -> 7459.8995 | V58: =-($U$2+$U$4*B58*(-1)+$U$8*C58+$U$10*D58+$U$12*E58+$U$6*S58)/($U$14+$U$16*S58+$U$18*C58+$U$20*D58+$U$22*E58+$U$6*B58*(-1)) -> -1.5626931 | X58: =-Y58/Z58*V58 -> 62.109803 | Y58: 7112.7743 | Z58: 178.9586
A59: 甘肃2018 | B59: =-CO2排放量!K72 -> -182.49649 | C59: =就业人口!K72 -> 1337 | D59: =资本存量!K72 -> 46118.894 | E59: =能源消耗量!L72 -> 7822.54 | F59: =S59-B59 -> 8286.5665 | G59: =C59*C59 -> 1787569 | H59: =D59*D59 -> 2.1269524e+09 | I59: =E59*E59 -> 61192132 | J59: =C59*D59 -> 61660961 | K59: =C59*E59 -> 10458736 | L59: =D59*E59 -> 3.6076689e+08 | M59: =F59*F59 -> 68667184 | N59: =C59*F59 -> 11079139 | O59: =D59*F59 -> 3.8216728e+08 | P59: =E59*F59 -> 64821998 | Q59: 6 | R59: 8 | S59: =GDP!K72 -> 8104.07 | V59: =-($U$2+$U$4*B59*(-1)+$U$8*C59+$U$10*D59+$U$12*E59+$U$6*S59)/($U$14+$U$16*S59+$U$18*C59+$U$20*D59+$U$22*E59+$U$6*B59*(-1)) -> -1.5389789 | X59: =-Y59/Z59*V59 -> 61.167275 | Y59: 7112.7743 | Z59: 178.9586
A60: 甘肃2019 | B60: =-CO2排放量!K73 -> -185.44138 | C60: =就业人口!K73 -> 1333 | D60: =资本存量!K73 -> 51454.795 | E60: =能源消耗量!L73 -> 7818.02 | F60: =S60-B60 -> 8903.7414 | G60: =C60*C60 -> 1776889 | H60: =D60*D60 -> 2.6475959e+09 | I60: =E60*E60 -> 61121437 | J60: =C60*D60 -> 68589242 | K60: =C60*E60 -> 10421421 | L60: =D60*E60 -> 4.0227462e+08 | M60: =F60*F60 -> 79276611 | N60: =C60*F60 -> 11868687 | O60: =D60*F60 -> 4.5814019e+08 | P60: =E60*F60 -> 69609628 | Q60: 6 | R60: 9 | S60: =GDP!K73 -> 8718.3 | V60: =-($U$2+$U$4*B60*(-1)+$U$8*C60+$U$10*D60+$U$12*E60+$U$6*S60)/($U$14+$U$16*S60+$U$18*C60+$U$20*D60+$U$22*E60+$U$6*B60*(-1)) -> -1.5337363 | X60: =-Y60/Z60*V60 -> 60.958906 | Y60: 7112.7743 | Z60: 178.9586
A61: 甘肃2020 | B61: =-CO2排放量!K74 -> -195.98653 | C61: =就业人口!K74 -> 1331 | D61: =资本存量!K74 -> 57044.87 | E61: =能源消耗量!L74 -> 8104.71 | F61: =S61-B61 -> 9212.6865 | G61: =C61*C61 -> 1771561 | H61: =D61*D61 -> 3.2541172e+09 | I61: =E61*E61 -> 65686324 | J61: =C61*D61 -> 75926722 | K61: =C61*E61 -> 10787369 | L61: =D61*E61 -> 4.6233213e+08 | M61: =F61*F61 -> 84873593 | N61: =C61*F61 -> 12262086 | O61: =D61*F61 -> 5.255365e+08 | P61: =E61*F61 -> 74666153 | Q61: 6 | R61: 10 | S61: =GDP!K74 -> 9016.7 | V61: =-($U$2+$U$4*B61*(-1)+$U$8*C61+$U$10*D61+$U$12*E61+$U$6*S61)/($U$14+$U$16*S61+$U$18*C61+$U$20*D61+$U$22*E61+$U$6*B61*(-1)) -> -1.5105221 | X61: =-Y61/Z61*V61 -> 60.036249 | Y61: 7112.7743 | Z61: 178.9586
A62: 宁夏2011 | B62: =-CO2排放量!K75 -> -190.94823 | C62: =就业人口!K75 -> 478.5 | D62: =资本存量!K75 -> 5189.6943 | E62: =能源消耗量!L75 -> 4719.9 | F62: =S62-B62 -> 2293.1582 | G62: =C62*C62 -> 228962.25 | H62: =D62*D62 -> 26932927 | I62: =E62*E62 -> 22277456 | J62: =C62*D62 -> 2483268.7 | K62: =C62*E62 -> 2258472.1 | L62: =D62*E62 -> 24494838 | M62: =F62*F62 -> 5258574.6 | N62: =C62*F62 -> 1097276.2 | O62: =D62*F62 -> 11900790 | P62: =E62*F62 -> 10823478 | Q62: 7 | R62: 1 | S62: =GDP!K75 -> 2102.21 | V62: =-($U$2+$U$4*B62*(-1)+$U$8*C62+$U$10*D62+$U$12*E62+$U$6*S62)/($U$14+$U$16*S62+$U$18*C62+$U$20*D62+$U$22*E62+$U$6*B62*(-1)) -> -2.1094906 | X62: =-Y62/Z62*V62 -> 30.33713 | Y62: 3047.633 | Z62: 211.91698
A63: 宁夏2012 | B63: =-CO2排放量!K76 -> -188.56962 | C63: =就业人口!K76 -> 487.9 | D63: =资本存量!K76 -> 6801.0018 | E63: =能源消耗量!L76 -> 4895.2 | F63: =S63-B63 -> 2529.8596 | G63: =C63*C63 -> 238046.41 | H63: =D63*D63 -> 46253626 | I63: =E63*E63 -> 23962983 | J63: =C63*D63 -> 3318208.8 | K63: =C63*E63 -> 2388368.1 | L63: =D63*E63 -> 33292264 | M63: =F63*F63 -> 6400189.7 | N63: =C63*F63 -> 1234318.5 | O63: =D63*F63 -> 17205580 | P63: =E63*F63 -> 12384169 | Q63: 7 | R63: 2 | S63: =GDP!K76 -> 2341.29 | V63: =-($U$2+$U$4*B63*(-1)+$U$8*C63+$U$10*D63+$U$12*E63+$U$6*S63)/($U$14+$U$16*S63+$U$18*C63+$U$20*D63+$U$22*E63+$U$6*B63*(-1)) -> -2.0621248 | X63: =-Y63/Z63*V63 -> 29.65595 | Y63: 3047.633 | Z63: 211.91698
A64: 宁夏2013 | B64: =-CO2排放量!K77 -> -187.75607 | C64: =就业人口!K77 -> 494 | D64: =资本存量!K77 -> 8829.2486 | E64: =能源消耗量!L77 -> 5186.8 | F64: =S64-B64 -> 2765.3261 | G64: =C64*C64 -> 244036 | H64: =D64*D64 -> 77955630 | I64: =E64*E64 -> 26902894 | J64: =C64*D64 -> 4361648.8 | K64: =C64*E64 -> 2562279.2 | L64: =D64*E64 -> 45795546 | M64: =F64*F64 -> 7647028.3 | N64: =C64*F64 -> 1366071.1 | O64: =D64*F64 -> 24415751 | P64: =E64*F64 -> 14343193 | Q64: 7 | R64: 3 | S64: =GDP!K77 -> 2577.57 | V64: =-($U$2+$U$4*B64*(-1)+$U$8*C64+$U$10*D64+$U$12*E64+$U$6*S64)/($U$14+$U$16*S64+$U$18*C64+$U$20*D64+$U$22*E64+$U$6*B64*(-1)) -> -1.9943443 | X64: =-Y64/Z64*V64 -> 28.681182 | Y64: 3047.633 | Z64: 211.91698
A65: 宁夏2014 | B65: =-CO2排放量!K78 -> -195.21583 | C65: =就业人口!K78 -> 499.15 | D65: =资本存量!K78 -> 11182.626 | E65: =能源消耗量!L78 -> 5336.2 | F65: =S65-B65 -> 2947.3158 | G65: =C65*C65 -> 249150.72 | H65: =D65*D65 -> 1.2505112e+08 | I65: =E65*E65 -> 28475030 | J65: =C65*D65 -> 5581807.6 | K65: =C65*E65 -> 2663564.2 | L65: =D65*E65 -> 59672727 | M65: =F65*F65 -> 8686670.6 | N65: =C65*F65 -> 1471152.7 | O65: =D65*F65 -> 32958729 | P65: =E65*F65 -> 15727467 | Q65: 7 | R65: 4 | S65: =GDP!K78 -> 2752.1 | V65: =-($U$2+$U$4*B65*(-1)+$U$8*C65+$U$10*D65+$U$12*E65+$U$6*S65)/($U$14+$U$16*S65+$U$18*C65+$U$20*D65+$U$22*E65+$U$6*B65*(-1)) -> -1.9550465 | X65: =-Y65/Z65*V65 -> 28.11603 | Y65: 3047.633 | Z65: 211.91698
A66: 宁夏2015 | B66: =-CO2排放量!K79 -> -193.37849 | C66: =就业人口!K79 -> 503.1 | D66: =资本存量!K79 -> 13642.02 | E66: =能源消耗量!L79 -> 5711.9 | F66: =S66-B66 -> 3105.1485 | G66: =C66*C66 -> 253109.61 | H66: =D66*D66 -> 1.8610472e+08 | I66: =E66*E66 -> 32625802 | J66: =C66*D66 -> 6863300.4 | K66: =C66*E66 -> 2873656.9 | L66: =D66*E66 -> 77921856 | M66: =F66*F66 -> 9641947.1 | N66: =C66*F66 -> 1562200.2 | O66: =D66*F66 -> 42360499 | P66: =E66*F66 -> 17736298 | Q66: 7 | R66: 5 | S66: =GDP!K79 -> 2911.77 | V66: =-($U$2+$U$4*B66*(-1)+$U$8*C66+$U$10*D66+$U$12*E66+$U$6*S66)/($U$14+$U$16*S66+$U$18*C66+$U$20*D66+$U$22*E66+$U$6*B66*(-1)) -> -1.8833212 | X66: =-Y66/Z66*V66 -> 27.08453 | Y66: 3047.633 | Z66: 211.91698
A67: 宁夏2016 | B67: =-CO2排放量!K80 -> -189.71723 | C67: =就业人口!K80 -> 509.4 | D67: =资本存量!K80 -> 16167.85 | E67: =能源消耗量!L80 -> 5787.5 | F67: =S67-B67 -> 3358.3072 | G67: =C67*C67 -> 259488.36 | H67: =D67*D67 -> 2.6139936e+08 | I67: =E67*E67 -> 33495156 | J67: =C67*D67 -> 8235902.6 | K67: =C67*E67 -> 2948152.5 | L67: =D67*E67 -> 93571430 | M67: =F67*F67 -> 11278227 | N67: =C67*F67 -> 1710721.7 | O67: =D67*F67 -> 54296607 | P67: =E67*F67 -> 19436203 | Q67: 7 | R67: 6 | S67: =GDP!K80 -> 3168.59 | V67: =-($U$2+$U$4*B67*(-1)+$U$8*C67+$U$10*D67+$U$12*E67+$U$6*S67)/($U$14+$U$16*S67+$U$18*C67+$U$20*D67+$U$22*E67+$U$6*B67*(-1)) -> -1.8628161 | X67: =-Y67/Z67*V67 -> 26.789641 | Y67: 3047.633 | Z67: 211.91698
A68: 宁夏2017 | B68: =-CO2排放量!K81 -> -226.23798 | C68: =就业人口!K81 -> 514.4 | D68: =资本存量!K81 -> 18429.115 | E68: =能源消耗量!L81 -> 6798.2 | F68: =S68-B68 -> 3669.798 | G68: =C68*C68 -> 264607.36 | H68: =D68*D68 -> 3.3963228e+08 | I68: =E68*E68 -> 46215523 | J68: =C68*D68 -> 9479936.7 | K68: =C68*E68 -> 3496994.1 | L68: =D68*E68 -> 1.2528481e+08 | M68: =F68*F68 -> 13467417 | N68: =C68*F68 -> 1887744.1 | O68: =D68*F68 -> 67631129 | P68: =E68*F68 -> 24948021 | Q68: 7 | R68: 7 | S68: =GDP!K81 -> 3443.56 | V68: =-($U$2+$U$4*B68*(-1)+$U$8*C68+$U$10*D68+$U$12*E68+$U$6*S68)/($U$14+$U$16*S68+$U$18*C68+$U$20*D68+$U$22*E68+$U$6*B68*(-1)) -> -1.7369245 | X68: =-Y68/Z68*V68 -> 24.979162 | Y68: 3047.633 | Z68: 211.91698
A69: 宁夏2018 | B69: =-CO2排放量!K82 -> -235.93473 | C69: =就业人口!K82 -> 518.36 | D69: =资本存量!K82 -> 19779.264 | E69: =能源消耗量!L82 -> 7530.2 | F69: =S69-B69 -> 3746.1447 | G69: =C69*C69 -> 268697.09 | H69: =D69*D69 -> 3.9121928e+08 | I69: =E69*E69 -> 56703912 | J69: =C69*D69 -> 10252779 | K69: =C69*E69 -> 3903354.5 | L69: =D69*E69 -> 1.4894181e+08 | M69: =F69*F69 -> 14033600 | N69: =C69*F69 -> 1941851.6 | O69: =D69*F69 -> 74095985 | P69: =E69*F69 -> 28209219 | Q69: 7 | R69: 8 | S69: =GDP!K82 -> 3510.21 | V69: =-($U$2+$U$4*B69*(-1)+$U$8*C69+$U$10*D69+$U$12*E69+$U$6*S69)/($U$14+$U$16*S69+$U$18*C69+$U$20*D69+$U$22*E69+$U$6*B69*(-1)) -> -1.6652873 | X69: =-Y69/Z69*V69 -> 23.948927 | Y69: 3047.633 | Z69: 211.91698
A70: 宁夏2019 | B70: =-CO2排放量!K83 -> -251.89874 | C70: =就业人口!K83 -> 523.3 | D70: =资本存量!K83 -> 20653.551 | E70: =能源消耗量!L83 -> 8166.7 | F70: =S70-B70 -> 4000.3787 | G70: =C70*C70 -> 273842.89 | H70: =D70*D70 -> 4.2656918e+08 | I70: =E70*E70 -> 66694989 | J70: =C70*D70 -> 10808003 | K70: =C70*E70 -> 4273634.1 | L70: =D70*E70 -> 1.6867136e+08 | M70: =F70*F70 -> 16003030 | N70: =C70*F70 -> 2093398.2 | O70: =D70*F70 -> 82622027 | P70: =E70*F70 -> 32669893 | Q70: 7 | R70: 9 | S70: =GDP!K83 -> 3748.48 | V70: =-($U$2+$U$4*B70*(-1)+$U$8*C70+$U$10*D70+$U$12*E70+$U$6*S70)/($U$14+$U$16*S70+$U$18*C70+$U$20*D70+$U$22*E70+$U$6*B70*(-1)) -> -1.6163879 | X70: =-Y70/Z70*V70 -> 23.245693 | Y70: 3047.633 | Z70: 211.91698
A71: 宁夏2020 | B71: =-CO2排放量!K84 -> -259.51291 | C71: =就业人口!K84 -> 559.1 | D71: =资本存量!K84 -> 21577.016 | E71: =能源消耗量!L84 -> 8581.8 | F71: =S71-B71 -> 4180.0629 | G71: =C71*C71 -> 312592.81 | H71: =D71*D71 -> 4.655676e+08 | I71: =E71*E71 -> 73647291 | J71: =C71*D71 -> 12063709 | K71: =C71*E71 -> 4798084.4 | L71: =D71*E71 -> 1.8516963e+08 | M71: =F71*F71 -> 17472926 | N71: =C71*F71 -> 2337073.2 | O71: =D71*F71 -> 90193282 | P71: =E71*F71 -> 35872464 | Q71: 7 | R71: 10 | S71: =GDP!K84 -> 3920.55 | V71: =-($U$2+$U$4*B71*(-1)+$U$8*C71+$U$10*D71+$U$12*E71+$U$6*S71)/($U$14+$U$16*S71+$U$18*C71+$U$20*D71+$U$22*E71+$U$6*B71*(-1)) -> -1.5840833 | X71: =-Y71/Z71*V71 -> 22.781113 | Y71: 3047.633 | Z71: 211.91698
A72: 新疆2011 | B72: =-CO2排放量!K85 -> -286.3111 | C72: =就业人口!K85 -> 1246.12 | D72: =资本存量!K85 -> 14155.506 | E72: =能源消耗量!L85 -> 9474.5 | F72: =S72-B72 -> 6896.3611 | G72: =C72*C72 -> 1552815.1 | H72: =D72*D72 -> 2.0037834e+08 | I72: =E72*E72 -> 89766150 | J72: =C72*D72 -> 17639459 | K72: =C72*E72 -> 11806364 | L72: =D72*E72 -> 1.3411634e+08 | M72: =F72*F72 -> 47559796 | N72: =C72*F72 -> 8593693.5 | O72: =D72*F72 -> 97621478 | P72: =E72*F72 -> 65339573 | Q72: 8 | R72: 1 | S72: =GDP!K85 -> 6610.05 | V72: =-($U$2+$U$4*B72*(-1)+$U$8*C72+$U$10*D72+$U$12*E72+$U$6*S72)/($U$14+$U$16*S72+$U$18*C72+$U$20*D72+$U$22*E72+$U$6*B72*(-1)) -> -1.514762 | X72: =-Y72/Z72*V72 -> 37.459607 | Y72: 10189.32 | Z72: 412.02768
A73: 新疆2012 | B73: =-CO2排放量!K86 -> -333.4408 | C73: =就业人口!K86 -> 1257.85 | D73: =资本存量!K86 -> 18955.357 | E73: =能源消耗量!L86 -> 11293.7 | F73: =S73-B73 -> 7838.7508 | G73: =C73*C73 -> 1582186.6 | H73: =D73*D73 -> 3.5930556e+08 | I73: =E73*E73 -> 1.2754766e+08 | J73: =C73*D73 -> 23842996 | K73: =C73*E73 -> 14205781 | L73: =D73*E73 -> 2.1407612e+08 | M73: =F73*F73 -> 61446014 | N73: =C73*F73 -> 9859972.7 | O73: =D73*F73 -> 1.4858632e+08 | P73: =E73*F73 -> 88528500 | Q73: 8 | R73: 2 | S73: =GDP!K86 -> 7505.31 | V73: =-($U$2+$U$4*B73*(-1)+$U$8*C73+$U$10*D73+$U$12*E73+$U$6*S73)/($U$14+$U$16*S73+$U$18*C73+$U$20*D73+$U$22*E73+$U$6*B73*(-1)) -> -1.4360907 | X73: =-Y73/Z73*V73 -> 35.514089 | Y73: 10189.32 | Z73: 412.02768
A74: 新疆2013 | B74: =-CO2排放量!K87 -> -336.33677 | C74: =就业人口!K87 -> 1271.9 | D74: =资本存量!K87 -> 24867.947 | E74: =能源消耗量!L87 -> 13631.8 | F74: =S74-B74 -> 8780.1768 | G74: =C74*C74 -> 1617729.6 | H74: =D74*D74 -> 6.1841479e+08 | I74: =E74*E74 -> 1.8582597e+08 | J74: =C74*D74 -> 31629542 | K74: =C74*E74 -> 17338286 | L74: =D74*E74 -> 3.3899488e+08 | M74: =F74*F74 -> 77091504 | N74: =C74*F74 -> 11167507 | O74: =D74*F74 -> 2.1834497e+08 | P74: =E74*F74 -> 1.1968961e+08 | Q74: 8 | R74: 3 | S74: =GDP!K87 -> 8443.84 | V74: =-($U$2+$U$4*B74*(-1)+$U$8*C74+$U$10*D74+$U$12*E74+$U$6*S74)/($U$14+$U$16*S74+$U$18*C74+$U$20*D74+$U$22*E74+$U$6*B74*(-1)) -> -1.3636468 | X74: =-Y74/Z74*V74 -> 33.722572 | Y74: 10189.32 | Z74: 412.02768
A75: 新疆2014 | B75: =-CO2排放量!K88 -> -366.25967 | C75: =就业人口!K88 -> 1276.21 | D75: =资本存量!K88 -> 31928.366 | E75: =能源消耗量!L88 -> 14926.1 | F75: =S75-B75 -> 9639.7197 | G75: =C75*C75 -> 1628712 | H75: =D75*D75 -> 1.0194206e+09 | I75: =E75*E75 -> 2.2278846e+08 | J75: =C75*D75 -> 40747300 | K75: =C75*E75 -> 19048838 | L75: =D75*E75 -> 4.7656599e+08 | M75: =F75*F75 -> 92924195 | N75: =C75*F75 -> 12302307 | O75: =D75*F75 -> 3.077805e+08 | P75: =E75*F75 -> 1.4388342e+08 | Q75: 8 | R75: 4 | S75: =GDP!K88 -> 9273.46 | V75: =-($U$2+$U$4*B75*(-1)+$U$8*C75+$U$10*D75+$U$12*E75+$U$6*S75)/($U$14+$U$16*S75+$U$18*C75+$U$20*D75+$U$22*E75+$U$6*B75*(-1)) -> -1.3311981 | X75: =-Y75/Z75*V75 -> 32.920126 | Y75: 10189.32 | Z75: 412.02768
A76: 新疆2015 | B76: =-CO2排放量!K89 -> -379.0918 | C76: =就业人口!K89 -> 1305.42 | D76: =资本存量!K89 -> 39676.274 | E76: =能源消耗量!L89 -> 15666.1 | F76: =S76-B76 -> 9703.8918 | G76: =C76*C76 -> 1704121.4 | H76: =D76*D76 -> 1.5742067e+09 | I76: =E76*E76 -> 2.4542669e+08 | J76: =C76*D76 -> 51794201 | K76: =C76*E76 -> 20450840 | L76: =D76*E76 -> 6.2157247e+08 | M76: =F76*F76 -> 94165516 | N76: =C76*F76 -> 12667654 | O76: =D76*F76 -> 3.8501427e+08 | P76: =E76*F76 -> 1.5202214e+08 | Q76: 8 | R76: 5 | S76: =GDP!K89 -> 9324.8 | V76: =-($U$2+$U$4*B76*(-1)+$U$8*C76+$U$10*D76+$U$12*E76+$U$6*S76)/($U$14+$U$16*S76+$U$18*C76+$U$20*D76+$U$22*E76+$U$6*B76*(-1)) -> -1.31028 | X76: =-Y76/Z76*V76 -> 32.402828 | Y76: 10189.32 | Z76: 412.02768
A77: 新疆2016 | B77: =-CO2排放量!K90 -> -410.85326 | C77: =就业人口!K90 -> 1332.66 | D77: =资本存量!K90 -> 46154.881 | E77: =能源消耗量!L90 -> 16302.2 | F77: =S77-B77 -> 10060.553 | G77: =C77*C77 -> 1775982.7 | H77: =D77*D77 -> 2.1302731e+09 | I77: =E77*E77 -> 2.6576172e+08 | J77: =C77*D77 -> 61508764 | K77: =C77*E77 -> 21725290 | L77: =D77*E77 -> 7.524261e+08 | M77: =F77*F77 -> 1.0121473e+08 | N77: =C77*F77 -> 13407297 | O77: =D77*F77 -> 4.6434364e+08 | P77: =E77*F77 -> 1.6400915e+08 | Q77: 8 | R77: 6 | S77: =GDP!K90 -> 9649.7 | V77: =-($U$2+$U$4*B77*(-1)+$U$8*C77+$U$10*D77+$U$12*E77+$U$6*S77)/($U$14+$U$16*S77+$U$18*C77+$U$20*D77+$U$22*E77+$U$6*B77*(-1)) -> -1.295203 | X77: =-Y77/Z77*V77 -> 32.02998 | Y77: 10189.32 | Z77: 412.02768
A78: 新疆2017 | B78: =-CO2排放量!K91 -> -452.26484 | C78: =就业人口!K91 -> 1349.79 | D78: =资本存量!K91 -> 53813.13 | E78: =能源消耗量!L91 -> 17386.3 | F78: =S78-B78 -> 11334.225 | G78: =C78*C78 -> 1821933 | H78: =D78*D78 -> 2.895853e+09 | I78: =E78*E78 -> 3.0228343e+08 | J78: =C78*D78 -> 72636425 | K78: =C78*E78 -> 23467854 | L78: =D78*E78 -> 9.3561123e+08 | M78: =F78*F78 -> 1.2846465e+08 | N78: =C78*F78 -> 15298823 | O78: =D78*F78 -> 6.0993012e+08 | P78: =E78*F78 -> 1.9706023e+08 | Q78: 8 | R78: 7 | S78: =GDP!K91 -> 10881.96 | V78: =-($U$2+$U$4*B78*(-1)+$U$8*C78+$U$10*D78+$U$12*E78+$U$6*S78)/($U$14+$U$16*S78+$U$18*C78+$U$20*D78+$U$22*E78+$U$6*B78*(-1)) -> -1.2768107 | X78: =-Y78/Z78*V78 -> 31.575142 | Y78: 10189.32 | Z78: 412.02768
A79: 新疆2018 | B79: =-CO2排放量!K92 -> -480.94605 | C79: =就业人口!K92 -> 1343.95 | D79: =资本存量!K92 -> 58236.158 | E79: =能源消耗量!L92 -> 17694 | F79: =S79-B79 -> 13290.336 | G79: =C79*C79 -> 1806201.6 | H79: =D79*D79 -> 3.3914501e+09 | I79: =E79*E79 -> 313077636 | J79: =C79*D79 -> 78266484 | K79: =C79*E79 -> 23779851 | L79: =D79*E79 -> 1.0304306e+09 | M79: =F79*F79 -> 1.7663303e+08 | N79: =C79*F79 -> 17861547 | O79: =D79*F79 -> 7.7397811e+08 | P79: =E79*F79 -> 2.3515921e+08 | Q79: 8 | R79: 8 | S79: =GDP!K92 -> 12809.39 | V79: =-($U$2+$U$4*B79*(-1)+$U$8*C79+$U$10*D79+$U$12*E79+$U$6*S79)/($U$14+$U$16*S79+$U$18*C79+$U$20*D79+$U$22*E79+$U$6*B79*(-1)) -> -1.2747933 | X79: =-Y79/Z79*V79 -> 31.525252 | Y79: 10189.32 | Z79: 412.02768
A80: 新疆2019 | B80: =-CO2排放量!K93 -> -519.30517 | C80: =就业人口!K93 -> 1355.06 | D80: =资本存量!K93 -> 63004.579 | E80: =能源消耗量!L93 -> 18489.8 | F80: =S80-B80 -> 14116.415 | G80: =C80*C80 -> 1836187.6 | H80: =D80*D80 -> 3.9695769e+09 | I80: =E80*E80 -> 3.418727e+08 | J80: =C80*D80 -> 85374984 | K80: =C80*E80 -> 25054788 | L80: =D80*E80 -> 1.1649421e+09 | M80: =F80*F80 -> 1.9927318e+08 | N80: =C80*F80 -> 19128590 | O80: =D80*F80 -> 8.8939879e+08 | P80: =E80*F80 -> 2.6100969e+08 | Q80: 8 | R80: 9 | S80: =GDP!K93 -> 13597.11 | V80: =-($U$2+$U$4*B80*(-1)+$U$8*C80+$U$10*D80+$U$12*E80+$U$6*S80)/($U$14+$U$16*S80+$U$18*C80+$U$20*D80+$U$22*E80+$U$6*B80*(-1)) -> -1.2630909 | X80: =-Y80/Z80*V80 -> 31.235856 | Y80: 10189.32 | Z80: 412.02768
A81: 新疆2020 | B81: =-CO2排放量!K94 -> -555.46735 | C81: =就业人口!K94 -> 1369.07 | D81: =资本存量!K94 -> 69449.204 | E81: =能源消耗量!L94 -> 18981.8 | F81: =S81-B81 -> 14353.047 | G81: =C81*C81 -> 1874352.7 | H81: =D81*D81 -> 4.8231919e+09 | I81: =E81*E81 -> 3.6030873e+08 | J81: =C81*D81 -> 95080822 | K81: =C81*E81 -> 25987413 | L81: =D81*E81 -> 1.3182709e+09 | M81: =F81*F81 -> 2.0600997e+08 | N81: =C81*F81 -> 19650327 | O81: =D81*F81 -> 9.9680771e+08 | P81: =E81*F81 -> 2.7244667e+08 | Q81: 8 | R81: 10 | S81: =GDP!K94 -> 13797.58 | V81: =-($U$2+$U$4*B81*(-1)+$U$8*C81+$U$10*D81+$U$12*E81+$U$6*S81)/($U$14+$U$16*S81+$U$18*C81+$U$20*D81+$U$22*E81+$U$6*B81*(-1)) -> -1.2539246 | X81: =-Y81/Z81*V81 -> 31.009177 | Y81: 10189.32 | Z81: 412.02768
